Ermeni Meselesi,,Tarih,Süleyman Kocabaş,Türk,,?,,127,,✔,Orhan Dayı'nın Hediyesi,
Bilinmeyen Yönleriyle 28 Şubat,,Yakın Tarih,Süleyman Kocabaş,Türk,,?,,120,4/22/2014,✔,,
Sarıkamış Faciası,,Yakın Tarih,Süleyman Kocabaş,Türk,,?,,111,4/22/2014,✔,,
"İdamların İç Yüzü: A. Menderes, F.R. Zorlu, H. Polatkan",,Yakın Tarih,Süleyman Kocabaş,Türk,,?,,95,4/22/2014,✔,,
Kovalı Süvari,?,Öykü,Franz Kafka,Prag/ Almanca,Yekta Majiskül,6:45>Yayın,,216,14.02.2013 / İstanbul,✔,,
Uçan Spagetti Canavarı Kilisesi'nin Dua Kitabı ,?,Din,?,?,Feyyaz Şahin,6:45>Yayın,,381,13.09.2013 / İstanbul,✔,,
Ne Güzel Şey Hatırlamak Seni,,Şiir,Nazım Hikmet,Türk,,Adam Yayın,,140,2010-2012,✔,,
Brexit Sonrası Birleşik Krallık ve AB'nin Geleceği,,Uluslararası İlişkiler,Derleme,Türk,,Akademos,,236,19.10.2021/net,,,
Ölesiye Sanat yeni fal taşları 2008-2013,,Deneme,Enis Batur,Türk,,Alakarga Yayınları,,399,12.11.2014 / İstanbul,✔,,
Zamanın Kısa Tarihi,A Brief History of Time,Bilim,Stephen Hawking,ABD,Barış Gönülşen,Alfa Basım Yayın,,251,03.04.2016 / İstanbul,✔,,
Temel Parçacıklar ve Fizik Yasaları,Elementary Particles and the Laws of Physics,Bilim,"Richard Feynman, Steven Weinberg",ABD,Zekeriya Aydın,Alfa Basım Yayın,,78,12/19/2019,✔,Kadriye Ölmez'in Hediyesi,
Kutatgu Bilig,qʊtaðˈɢʊ bɪˈlɪɡ,Siyasetname,Yusuf Has Hacip,Türk,Hayati Develi,Alkım Yayınevi,,160,2007-2009?,✔,Göksel Abi'den,
Seçme Şiirler,,Şiir,Yunus Emre,Türk,,Alkım Yayınevi,,144,2007-2009?,,Göksel Abi'den,
Şermin,,Şiir,Tevfik Fikret,Türk,,Alkım Yayınevi,,96,2007-2009?,✔,Göksel Abi'den,
Sergüzeşt,,Roman,Samipaşazade Sezai,Türk,,Alkım Yayınevi,,143,2007-2009?,✔,Göksel Abi'den,
Gülistan'dan Seçmeler,?,,Sadi Şirazi (Abdullahmüşerrifûttin bin müslih eş-Şirazi),İran,Mustafa Çiçekler,Alkım Yayınevi,,143,2007-2009?,,Göksel Abi'den,
Define Adası,Treasure Island,Roman,Robert Louis Stevenson,İskoçya,?,Alkım Yayınevi,,112,2007-2009?,✔,Göksel Abi'den,
Sokrates'in Savunması,Apología Sokrátus (Άπολογία Σωκράτους),"Felsefe, Anı",Platon,Yunan,?,Alkım Yayınevi,,64,2007-2009?,✔,Göksel Abi'den,
Fatih Harbiye,,Roman,Peyami Safa,Türk,,Alkım Yayınevi,,128,2007-2009?,✔,Göksel Abi'den Nerede??,
Dokuzuncu Hariciye Koğuşu,,Roman,Peyami Safa,Türk,,Alkım Yayınevi,,128,2007-2009?,✔,Göksel Abi'den,
Akdeniz,?,Roman,Panait Istrati,"Romanya, Fransızca",?,Alkım Yayınevi,,159,2007-2009?,✔,Göksel Abi'den,
Hikayelerden Seçmeler,,Öykü,Ömer Seyfettin,Türk,,Alkım Yayınevi,,144,2007-2009?,,Göksel Abi'den,
Ölü Canlar,Myortvyje dushi (Мёртвые души),Roman,Nikolay Vasilyeviç Gogol,"Ukrayna, Rus",Celal Öner,Alkım Yayınevi,,272,2007-2009?,✔,Göksel Abi'den,
Vatan yahut Silistre,,Oyun,Namık Kemal,Türk,,Alkım Yayınevi,,112,2007-2009?,✔,Göksel Abi'den,
Don Kişot, Don Quijote,Roman,Miguel de Cervantes Saavedra,İspanyol,?,Alkım Yayınevi,,144,2007-2009?,✔,Göksel Abi'den,
Mesnevi'den Seçmeler,?,Manzume,Mevlana Celaleddin-i Rumi,"Farsça, Türk",,Alkım Yayınevi,,160,2007-2009?,,Göksel Abi'den,
Savaş ve Barış,Voyna i mir (Война и миръ),Roman,Lev Nikolayeviç Tolstoy,Rus,Recep Kurt,Alkım Yayınevi,,304,2007-2009?,✔,Göksel Abi'den,
Seksen Günde Devr-i Alem,Le tour du monde en quatre-vingts jours,Roman,Jules Verne (Jules Gabriel Verne),Fransız,?,Alkım Yayınevi,,112,2007-2009?,✔,Göksel Abi'den,
Faust,Faust,Oyun,Johann Wolfgang von Goethe,Alman,Celal Öner,Alkım Yayınevi,,224,2007-2009?,✔,Göksel Abi'den,
Babalar ve Oğullar, Ottsı i Deti (Отцы и дети),Roman,İvan Sergeyeviç Turgenyev ,Rus,Celal Öner,Alkım Yayınevi,,160,2007-2009?,✔,Göksel Abi'den,
Robin Hood,Robin Hood,Roman,Hooward Pyle,ABD,?,Alkım Yayınevi,,128,2007-2009?,✔,Göksel Abi'den,
Vadideki Zambak,Le Lys dans la vallée,Roman,Honore De Balzac,Fransız,Cemal Süreya,Alkım Yayınevi,,224,2007-2009?,✔,Göksel Abi'den,
Madam Bovary,Madam Bovary,Roman,Gustave Flaubert ,Fransız,Celal Öner,Alkım Yayınevi,,303,2007-2009?,✔,Göksel Abi'den,
Suç ve Ceza,Prestuplenie i nakazanie (Преступление и наказание),Roman,Fyodor Mihayloviç Dostoyevski,Rus,Celal Öner,Alkım Yayınevi,,336,2007-2009?,✔,Göksel Abi'den,
Seyahatname'den Seçmeler,,Gezi,Evliya Çelebi,Türk,,Alkım Yayınevi,,128,2007-2009?,✔,Göksel Abi'den,
Robinson Cruose,Robinson Cruose,Roman,Daniel Defoe,İngiliz,Celal Öner,Alkım Yayınevi,,288,2007-2009?,✔,Göksel Abi'den,
Oliver Twist,Oliver Twist,Roman,Charles Dickens,İngiliz,Celal Öner,Alkım Yayınevi,,352,2007-2009?,✔,Göksel Abi'den,
Kelile ve Dimne,?,Fabl,Beydeba,"Sanskritçe, Farsça",Hüseyin Yazıcı,Alkım Yayınevi,,159,2007-2009?,,Göksel Abi'den,
Halk Şiirinden Seçmeler,,Şiir,Anonim,Türk,,Alkım Yayınevi,,160,2007-2009?,,Göksel Abi'den,
Kerem ile Aslı,,Destan,Anonim,Türk-iran-ermenistan,,Alkım Yayınevi,,128,2007-2009?,✔,Göksel Abi'den,
Dede Korkut Hikayeleri,,Destan,Anonim,Türk,,Alkım Yayınevi,,96,2007-2009?,✔,Göksel Abi'den,
Değirmenden Mektuplar,Lettres du Mon Moulin,Anı-Mektup,Alphonsoe Daudet,Fransız,Selin Ceyhan,Alkım Yayınevi,,96,2007-2009?,✔,Göksel Abi'den,
Şehir Mektupları,,Deneme,Ahmet Rasim,Türk,,Alkım Yayınevi,,128,2007-2009?,✔,Göksel Abi'den,
Çağlayanlar,,Deneme,Ahmet Hikmet Müftüoğlu,Türk,,Alkım Yayınevi,,144,2007-2009?,✔,Göksel Abi'den,
Bize Göre ve Bir Seyahatin Notları,,Anı,Ahmet Haşim,Türk,,Alkım Yayınevi,,144,2007-2009?,✔,Göksel Abi'den,
Babaya Mektup,Brief An Den Vater,Mektup,Franz Kafka,Prag/ Almanca,Hasan İlhan,Alter Yayıncılık,,78,11/25/2014,✔,Said'indi,
Nasıl Yapmalı?,Что делать?,Roman,Nikolay Çernişevski,Rus,Hasan İlhan,Alter Yayıncılık,,600,8/2/2021,✔,,
Parti,?,Uzun Öykü,Anton Pavloviç Çehov,Rus,Onur Kaya,Altın Bilek Yayınları,,78,28.02.2015 / İstanbul,✔,Yayınevinin hediyesidir,
Gece Yarısını 2 Geçe,Four Past Midnight,Öykü,Stephen King,ABD,Gönül Suveren,Altın Kitaplar Yayınevi,,351,Lise çağları,✔,,
Tepki,Firestarter,Roman,Stephen King,ABD,Füsun Doruker,Altın Kitaplar Yayınevi,,400,Lise çağları,✔,,
Hayvan Mezarlığı,Pet Cemetery,Roman,Stephen King,ABD,Mehmet Harmancı,Altın Kitaplar Yayınevi,,400,Lise çağları,✔,,
Çağrı,Deathzone,Roman,Stephen King,ABD,Esat Ören,Altın Kitaplar Yayınevi,,379,Lise çağları,✔,,
O,It,Roman,Stephen King,ABD,Gönül Suveren,Altın Kitaplar Yayınevi,,448,Lise çağları,✔,,
Ruhlar Dükkanı,Needful Things,Roman,Stephen King,ABD,Gönül Suveren,Altın Kitaplar Yayınevi,,523,Lise çağları,✔,,
Yazma Sanatı,On Writing,Roman,Stephen King,ABD,Pınar Öcal,Altın Kitaplar Yayınevi,,301,Lise çağları,✔,,
Silahşor,?,Roman,Stephen King,ABD,,Altın Kitaplar Yayınevi,,,Lise çağları,✔,SAMETTE:(,
Üç'ün Çekilişi,The Drawing of The Three,Roman,Stephen King,ABD,Nejat Ebcioğlu,Altın Kitaplar Yayınevi,,479,Lise çağları,✔✔,,
Çorak Topraklar,The Waste Lands,Roman,Stephen King,ABD,Gönül Suveren,Altın Kitaplar Yayınevi,,543,Lise çağları,✔✔,,
Büyücü ve Cam Küre,Wizard And Glass,Roman,Stephen King,ABD,Gönül Suveren,Altın Kitaplar Yayınevi,,799,Lise çağları,✔✔,,
Calla'nın Kurtları,Wolves of The Calla,Roman,Stephen King,ABD,Canan Kim,Altın Kitaplar Yayınevi,,735,Lise çağları,✔✔,,
Susannah'nın Şarkısı,Song of Susannah,Roman,Stephen King,ABD,Canan Kim,Altın Kitaplar Yayınevi,,480,Lise çağları,✔✔,,
Kule,The Dark Tower,Roman,Stephen King,ABD,Canan Kim,Altın Kitaplar Yayınevi,,880,Lise çağları,✔✔,,
11.22.63,,Roman,Stephen King,ABD,,Altın Kitaplar Yayınevi,,,2012?,✔,Samet'te,
Kara Kule-Eve Giden Yol,The Dark Tower The Long Road Home,Çizgi Roman,Stephan King,ABD,Oya Alpar,Altın Kitaplar Yayınevi,,160,,✔,Göksel Abi'nin Hediyesi,
Kara Kule-Silahşor'un Doğuşu,The Dark Tower The Gunslinger Born,Çizgi Roman,Stephan King,ABD,Oya Alpar,Altın Kitaplar Yayınevi,,240,,✔,Göksel Abi'nin Hediyesi,
Metal Fırtına-2: Kayıp Naaş,,Roman,Orkun Uçar,Türk,,Altın Kitaplar Yayınevi,,175,2005-2006,✔,,
Metal Fırtına-3: Kızıl Kurt,,Roman,Orkun Uçar,Türk,,Altın Kitaplar Yayınevi,,255,6/28/1905,✔,,
Bir Genç Kızın Gizli Defteri,,Kurgu Günce,İpek Ongun,Türk,,Altın Kitaplar Yayınevi,,206,2002?,✔,? Nerede bilmiyorım,
Adım Adım Hayata,,Kurgu Günce,İpek Ongun,Türk,,Altın Kitaplar Yayınevi,,416,?,✔,? Nerede bilmiyorım,
Da Vinci Şifresi,The Da Vinci Code,Roman,Dan Brown,ABD,Petek Demir,Altın Kitaplar Yayınevi,,495,2004-2005,✔,"Geri verilemedi, Sahibine ulaşılamadı",
Melekler ve Şeytanlar,Angels and Damons,Roman,Dan Brown,ABD,,Altın Kitaplar Yayınevi,,,2005-2007?,✔,SAMETTE? KAYIP,
Eragon,Eragon,Roman,Christopher Paolini,ABD,Zeliha İyidoğan Babayiğit,Altın Kitaplar Yayınevi,,509,6/27/1905,✔,,
Eldest,Eldest,Roman,Christopher Paolini,ABD,,Altın Kitaplar Yayınevi,,,6/28/1905,✔,Kusem'de,
Eroin,?,Anı,Christiane F.,ABD,,Altın Kitaplar Yayınevi,,,,✔,SÜHEYLDE,
Beşiktaş'ım Sen Çok Yaşa,,Çocuk,Canan Tan,Türk,,Altın Kitaplar Yayınevi,,110,4/1/2019,✔,Tayfun'dan satın alındı,
16.50 Treni,4.50 From Paddington,Roman,Agatha Christe ( Agatha Mary Clarissa Miller Christie Mollowan),İngiliz,Çiğdem Öztekin,Altın Kitaplar Yayınevi,,288,6/29/1905,✔,,
?,?,,Agatha Christe ( Agatha Mary Clarissa Miller Christie Mollowan),İngiliz,,Altın Kitaplar Yayınevi,,,,✔,SAMETTE? KAYIP,
Metal Fırtına,,Roman,,Türk,,Altın Kitaplar Yayınevi,,,2003-2005,✔,Orhan Dayı'da Kaldı,
Aşka Dönüş ,?,Roman,Mauro Martino,İtalyan,Zeynep Apaydın,Anatolia Kitap,,288,12.11.2014 / İstanbul,✔,"Tesadüf, tüyap çıkışı Erdoğan Kitap Hediyesidir",
Tevrat,,Din,Hasan İlhan,,,Andaç Yayınları,,824,4/1/2019,X,Tayfun'dan satın alındı,
Budala,Idiot (Идиот),Roman,Fyodor Mihayloviç Dostoyevski,Rus,Kübra Havva Kabatürk,Anonim Yayıncılık,,648,,sonra,Said'indi,
Kontratak,,Roman,Şener Çelik Berkman,Türk,,April Yayıncılık,,400,12.11.2011 / İstanbul,✔,Ahmet Cemil'in Hediyesi,
Cıva Sanrıları,The Mercury Visions Of Louis Daguerre,Roman,Dominic Smith,ABD,Dilek Berilgen Cenkciler,April Yayıncılık,,355,12.11.2011 / İstanbul,✔,Ahmet Cemil'in Hediyesi,
Salı,,Roman,Cihat Taşçıoğlu,Türk,,April Yayıncılık,,500,,✔,Said'indi,
Empati,Empathy,Roman,Adam Fever,ABD,Murat Kayı,April Yayıncılık,,639,24.10.2008 / İstanbul,✔,Sıddık'ın Hediyesi,
Mesnevi,?,Mesnevi,Mevlana Celaleddin-i Rumi,"Farsça, Türk",?,Araf Yayınları,,911,14.02.2013 / İstanbul,✔,,
Einstein Evreninde Zaman Yolculuğu: Zamanda Yolculuk Olasılığı,Time Travel in Einstein's Universe: The Physical Possibilities of Travel Trough Time,Bilim,J. Richard Gott,ABD,Erdem Kamil Yıldırım,Arkadaş Yayınevi,,289,?,✔,,
S*ktir et,F**k It,Kişisel Gelişim,John C. Parkin,İngiliz,Figen Kılavuz,Arunas Yayıncılık,,196,4/1/2019,✔,Tayfun'dan satın alındı,
Ütopya ,Utopia,Felsefe,Thomas More,İngiliz,Turan Erdem,Arya Yayıncılık,,138,2012-2013?,✔,,
Ahlakın Soy Kütüğü Üstüne ,Zur Genaologie der Moral- Eine Streitschrift,Felsefe,Friedrich Wilhelm Nietzsche,Alman,Turan Erdem,Arya Yayıncılık,,215,31.03.2013 / Kayseri,✔,,
Dönüşüm, Die Verwandlug,Uzun Öykü,Franz Kafka,Prag/ Almanca,Nur Akdağ,Arya Yayıncılık,,96,2012-2013?,✔,,
Deliliğe Övgü,Morias Enkomion Seu Laus Stultitae,Felsefe,Desiderius Erasmus,Latince,T.Erdem,Arya Yayıncılık,,180,31.03.2013/Kayseri,✔,,
Aydınlatma Sözlüğü,,Terminoloji,Emre Yılmaz,Türk,,Aydınlatma Portalı,,89,7/11/1905,,Tayfun'un Hediyesi,x2
Mutluluk Dediğimiz Şey,,Aforizma,Sigmund Freud,Avusturya,Peren Demirel,Aylak Adam,,144,4/1/2019,,Tayfun'dan satın alındı,
Hayatı Her Gün Yeni Baştan Keşetmek,,Aforizma,Aristotales,Yunan,Enis Berkay Mert,Aylak Adam,,112,4/1/2019,,Tayfun'dan satın alındı,
Boşluğun Sesi,,Roman,Umut Dağıstan,Türk,,Ayrıntı Yayınları,,162,6/8/2016,✔,,
"Ortak Benlik, Nörofelsefi Temellendirme",,Psikoloji,Tahir Musa Ceylan,Türk,,Ayrıntı Yayınları,,287,6/8/2016,,eminde,
"Nesne Benliği, Psikofelsefi Bütünleştime",,Psikoloji,Tahir Musa Ceylan,Türk,,Ayrıntı Yayınları,,218,6/8/2016,,,
Asker Gramofonu Nasıl Tamir Eder? ,Wie der Soldat das Grammofon Repariet,Roman,Saša Stanišić,Boşnak-Sırp/ Almanca,Levent Bakaç,Ayrıntı Yayınları,,298,08.06.2016 / İstanbul,✔,,
Murphy,Murphy,Roman,Samuel Beckett,İrlanda,Uğur Ün,Ayrıntı Yayınları,,184,Üniversite çağı,✔,,
Eve Yüzmek ,Nach Hause Schwimmen,Roman,Rolf Lappert,"İsviçre, Almanca",Çağlar Tanyeri,Ayrıntı Yayınları,,543,08.06.2016 / İstanbul,✔,,
Otomobilin Ekolojisi,The Ecology of The Automobile,İnceleme,"Peter Freund, George Martin",ABD,Gürol Koca,Ayrıntı Yayınları,,253,6/8/2016,✔,,
İyideki Kötü ,Vom Schlchten des Guten oder Hekates Lösungten,Psikoloji,Paul Watzlawick,Avusturya/ABD,Turgay Kurultay,Ayrıntı Yayınları,,97,6/8/2016,,,
Fevkelbeşer Sair Bey ve Suskunluğu,,Roman,Ömer İzgeç,Türk,,Ayrıntı Yayınları,,151,6/8/2016,✔,,
Ferahlık Anına Övgü,,Roman,Ömer F. Oyal,Türk,,Ayrıntı Yayınları,,256,6/8/2016,✔,,
Acemi Pezevenk,Magenta I Forlaget,Roman,Ola Bauer,Norveç,Deniz Taneri,Ayrıntı Yayınları,,240,?,✔,Said'den Gasp,
Felsefe Işığıyla Arayışlar,,Felsefe,Nejat Bozkurt,Türk,,Ayrıntı Yayınları,,638,6/8/2016,✔,,
Anathem,Anathem,Roman,Neal Stephenson,ABD,Orhan Yılmaz,Ayrıntı Yayınları,,847,08.06.2016 / İstanbul,✔,,
Melezliğe Övgü,Éloge du Métissage,İnceleme,Michel Bourse,Fransız,Işık Ergüden,Ayrıntı Yayınları,,292,6/8/2016,✔,,
Güvercinler Havalanırken,Tauben Fliegen Auf,Roman,Melinda Nadji Abonji,"Sırp, Almanca",Zehra Aksu Yılmazel,Ayrıntı Yayınları,,240,6/8/2016,✔,,
Güleryüzlü Sohbetler,,Ropörtaj,Mehmet Güleryüz,Türk,,Ayrıntı Yayınları,,192,6/8/2016,✔,,
Hezeyan,Delirio,Roman,Laura Restrepo,Kolombiya,Zeynep Öztekin Yıldırım,Ayrıntı Yayınları,,237,6/8/2016,✔,,
"Kusursuz Nihilist, Politik Bir Düşünür Olarak Nietzsche'ye Giriş","The Perfect Nihilist, An Introduction to Nietzsche as a Political Thinker",İnceleme,Keith Ansell-Pearson,İngiliz,Cem Soydemir,Ayrıntı Yayınları,,282,6/8/2016,,,
"Küresel Çarkın Dışında Kalanlar, Tüketim Toplumundaki Yeni Fakirlik","Wir Müssen Leider Draussen Bleiben, Die Neve Armut in der Konsumgesellisinaft",İnceleme,Kathrin Hartmann,Alman,Etem Levent Bakaç,Ayrıntı Yayınları,,343,6/8/2016,,,
"Çalışma Sorunu; Feminizm, Marksizm, Çalışma Karşıtı Politika ve Çalışma Sonrası Tahayyüller","The Problem with Work; Feminism, Marxism, Antiwork Politics and Postwork Imaginaries",İnceleme,Kathi Weeks,ABD,Tamer Tosun,Ayrıntı Yayınları,,336,6/8/2016,,,
Düşmanla Oynamak,Playing The enemy,Biyografi,John Carlin,İngiliz,Elif Ersavcı,Ayrıntı Yayınları,,235,6/8/2016,,,
Mösyö,Monsieur,Roman,Jean-Philippe Toussaint,Fransız,Mustafa Balel,Ayrıntı Yayınları,,78,08.06.2016 / İstanbul,✔✔,,
İmkansız Takas,L'Echange Imposissible,İnceleme,Jean Baudillard,Fransız,Ayşegül Sönmezay,Ayrıntı Yayınları,,153,4/1/2019,,Tayfun'dan satın alındı,
Flamenkonun İzinde,Duende-A Journey in Search of Flamenco,Roman,Jason Webster,İngiliz,Emel Soylu,Ayrıntı Yayınları,,287,?,✔,Said'den Gasp,
Oegstgeest'e Dönüş ,Teruf naar Oegstgeest,Roman,Jan Hendrik Wolkers,Hollanda,Burcu Duman,Ayrıntı Yayınları,,176,08.06.2016 / İstanbul,✔,,
Küresel Isınmanın Kırılma Noktası,?,Bilim,James E. Hansen,ABD,Abdullah Yılmaz,Ayrıntı Yayınları,,250,6/8/2016,,,
Dayıcan Napolyon,,Roman,İyrec-i Pézéşkzâd,İran,Naci Tokmak,Ayrıntı Yayınları,,551,08.06.2016 / İstanbul,✔,,
Benim Adım Meleklerin Hizasında Yazılı,,Roman,Hüseyin Kıran,Türk,,Ayrıntı Yayınları,,142,6/8/2016,,,
Fişlemenin Kısa Tarihi,,Yakın Tarih,Hüseyin Aygün,Türk,,Ayrıntı Yayınları,,207,6/8/2016,,,
Direnen İstanbul,,İnceleme,Haydar Karabey,Türk,,Ayrıntı Yayınları,,262,6/8/2016,,,
Kaybolan,Der Verlorene,Roman,Hans-Ulrich Treichel,Alman,Tanıl  Bora,Ayrıntı Yayınları,,96,6/8/2016,✔,,
Zoraki Güzellik ,Compulsive Beauty,"Sanat, Psikoloji",Hal Foster,ABD,Şebnem Kaptan,Ayrıntı Yayınları,,249,6/8/2016,,,
"Tüketim Toplumu, Nevrotik Kültür ve Dövüş Kulübü",,İnceleme,Hakan Övünç Ongur,Türk,,Ayrıntı Yayınları,,327,6/8/2016,,,
Savaş Artığı,War Trash,Roman,Ha Jin,"Çin, ABD",Tamer Tosun,Ayrıntı Yayınları,,366,6/8/2016,✔,,
Vis ile Ramin, Vis u Ramin,Manzume,Fahreddin Esad-i Gorgani,İran,Mehmet Kanar,Ayrıntı Yayınları,,336,08.06.2016 / İstanbul,✔,,
Turing'in Hezeyanı,El Delirio de Turind,Roman,Edmund Paz Soldán,"Bolivya, ABD",Zeynep Öztekin Yıldırım,Ayrıntı Yayınları,,288,6/8/2016,,,
Okumadığınız İçin Teşekkürler ,Thank You For Not Reading,İnceleme,Dubravka Ugresiç,Hırvatistan / İngilizce,Gökçe Metin,Ayrıntı Yayınları,,238,6/8/2016,✔,,
Vahşi İnsanlar, Fierce People,Roman,Dirk Witterborn,ABD,Mesut Kondu,Ayrıntı Yayınları,,407,08.06.2016 / İstanbul,✔,,
Michel Focault,Michel Focault,Biyografi,Didier Eribon,Fransız,Şule Ciltaş,Ayrıntı Yayınları,,407,6/8/2016,✔,,
Gösteri Peygamberi,Survivor,Roman,Chuck Palahniuk (Charles Michael Palahniuk),ABD,Funda Uncu,Ayrıntı Yayınları,,290,?,✔,Said'den Gasp,
Ölüm Pornosu,Snuff,Roman,Chuck Palahniuk (Charles Michael Palahniuk),ABD,Funda Uncu,Ayrıntı Yayınları,,191,30.09.2011 / İstanbul,✔,,
Tıkanma,Choke,Roman,Chuck Palahniuk (Charles Michael Palahniuk),ABD,Funda Uncu,Ayrıntı Yayınları,,288,Üniversite çağı,✔,,
Dövüş Kulübü,Fight Club,Roman,Chuck Palahniuk (Charles Michael Palahniuk),ABD,Elif Özsayar,Ayrıntı Yayınları,,215,2010-2012?,✔,,
Bir Garip Vaka: Matmazel P.,The Strange Case of Mademoiselle P.,Roman,Brian O'Dohery,ABD,Serpil Durak,Ayrıntı Yayınları,,130,6/8/2016,✔,,
Unutulmuş Adanın Kararsız Seçmeni,The Swing Voter of Staten Island,Roman,Arthur Nersesian,ABD,Funda Başak Dörschel,Ayrıntı Yayınları,,266,6/8/2016,,,
Beyaz Dünya ,The White Earth,Roman,Andrew McGehan,Avustralya,Kerem Işık,Ayrıntı Yayınları,,399,08.06.2016 / İstanbul,✔,,
Ortak Birşeyi Olmayanların Ortaklığı,The Community of Those Who Have Nothing in Common,İnceleme,Alphonso Lingis,ABD,Tuncay Birkan,Ayrıntı Yayınları,,153,6/8/2016,,,
Yoksulluk ve Kadın,,İnceleme,"Abdullah Topçuoğlu, Gamze Aksan, Duygu Alptekin",Türk,,Ayrıntı Yayınları,,412,08.06.2016 / net,✔,,
City of Secrets,,Öykü,John Dyson,,,Best Publishing,,48,,✔✔,ingilizce,
Ayinesi İştir Kişinin Lafa Bakılır,,Kişisel Gelişim,Şaban Kızıldağ,Türk,,Beyaz Sanat Yayıncılık,,143,2006,✔,Annem ve Babamın heidyesi,
Geometri,,Bilim,Mustafa Kemal Atatürk,Türk,,Bildik Basın Yayın,,79,05.06.2013 / Kayseri,✔,,
Destanlarla Büyük Veli Şeyh Edebali,,Biyografik Roman,"Faruk Öksüz, Hüseyin Akbaş, Fatih Ertürk",Türk,,Bilecik Valiliği İl Kültür ve Turizm Yayınları,,111,23.08.2017 /Bilecik,,,
Koçyiğit Köroğlu,,Oyun,Ahmet Kutsi Tecer,Türk,,Bilge Kültür Sanat,,84,4/1/2019,✔,Tayfun'dan satın alındı,
Kuyruklu Yıldız Altında Bir İzdivaç,,Roman,Hüseyin Rahmi Gürpınar,Türk,,Bilge Kültür Sanat,,183,8/2/2021,,,
Yalnız Adam ,Un Jeunne Homme Seul,Roman,Roger Vailland,Fransız,Atilla Tokatlı,Bilgi Yayınevi,,251,23.11.2013 / Ankara,✔,,
Zeki Müren,,Biyografi,Nalân Seçkin,Türk,,Bilgi Yayınevi,,178,10/27/2017,✔,,
20. yy Türk Şiiri Antolojisi,,Antoloji,İlhami Soysal,Türk,,Bilgi Yayınevi,,568,25.05.2016 / net,✔,,
Mapusane Çeşmesi,,Öykü,Adnan Veli,Türk,,Bilgi Yayınevi,,466,23.11.2013 / Ankara,✔,,
Vathek,Vathek,Roman,William Backford,İngiliz,Pınar Güncan,Bordo-Siyah Yayınevi,,237,25.11.2014 / net,,bilingual,
The Strange Case of Dr. Jackyll and Mr. Hyde,The Strange Case of Dr. Jackyll and Mr. Hyde,Roman,Robert Louis Stevenson,İskoçya,Osman Çakmakçı,Bordo-Siyah Yayınevi,,189,Kayseri,✔,bilingual,
The Happy Prince,The Happy Prince,Öykü,Oscar Wilde,İrlanda-İngiliz,Zeynep Çelik,Bordo-Siyah Yayınevi,,114,25.11.2014 / net,✔,bilingual,
Lord Arthur Savile's Crime,Lord Arthur Savile's Crime,Öykü,Oscar Wilde,İrlanda-İngiliz,Sevil Cerit,Bordo-Siyah Yayınevi,,192,25.11.2014 / net,✔,bilingual,
Savaş ve Barış,Voyna i mir (Война и миръ),Roman,Lev Nikolayeviç Tolstoy,Rus,Birgül Oğuz,Bordo-Siyah Yayınevi,,354,2002-2004 civarı,✔,Erdal Hocamın Hediyesi,
İnsan Neyle Yaşar,?,Uzun Öykü,Lev Nikolayeviç Tolstoy,Rus,,Bordo-Siyah Yayınevi,,,?,✔,"NİLGÜN, BELGİN O TARAFTA",
Heart of Darkness,Heart of Darkness,Roman,Joseph Conrad (Józef Teodor Konrad Korzeniowski),Leh asıllı İngiliz,Ali Kayalar,Bordo-Siyah Yayınevi,,246,25.11.2014 / net,✔,bilingual,
Before Adam,Before Adam,Roman,Jack London,ABD,Osman Çakmakçı,Bordo-Siyah Yayınevi,,261,??,,"bilingual
Hande'nin Hediyesi",
Daisy Miller,Daisy Miller,Roman,Hanry James,İngiliz,Ayşe Özkay,Bordo-Siyah Yayınevi,,160,25.11.2014 / net,✔,bilingual,
Öteki Ben,Dvojnik,Roman,Fyodor Mihayloviç Dostoyevski,Rus,Günay Kızılırmak,Bordo-Siyah Yayınevi,,258,net,✔,,
The Hounted House,The Hounted House,Roman,Charles Dickens,İngiliz,Zeynep Yazıcıoğlu,Bordo-Siyah Yayınevi,,89,25.11.2014 / net,✔,bilingual,
Kimsesiz Çocuk,,Çocuk,Hector Malot,Fransız,Melisa Cagnino,Boyut Kitapları,,126,4/1/2019,✔,Tayfun'dan satın alındı,
81300 Moda Barış Manço,,Biyografi,,Bülent Özükan,,Boyut Kitapları,,107,,✔,Göksel Abi'nin Hediyesi,
Cinnet Mustatili,,Anı,Necip Fazıl Kısakürek,Türk,,Büyük Doğu Yayınları,,303,5/20/2022,,AKM Sergi Hediyesi,
Ölümün Kısa Bir Tarihi,A Brief History of Death,İnceleme,W.M. Spellman,İngiltere,Ahmet Bora Pekiner,Can Yayınları,,326,4/1/2019,,Tayfun'dan satın alındı,
Yarıgölge,Halbschatten,Roman,Uwe Timm,Alman,Melike Öztürk,Can Yayınları,,229,05.06.2014 / Kayseri,✔,,
Doktor Faustus,Doktor Faustus,Roman,Thomas Mann,Alman,Zehra Kurttekin,Can Yayınları,,741,Ocak2020/net,✔,Said'in Hediyesi,
Kendine Doğru Yolculuk,,Eleştiri,Tahsin Yücel,Türk,,Can Yayınları,,119,20.06.2015 / İstanbul,✔,,
Sonuncu,,Roman,Tahsin Yücel,Türk,,Can Yayınları,,330,05.06.2014 / Kayseri,✔,,
Sırça Fanus,The Bell Jar,Roman,Sylvia Plath,ABD,Handan Saraç,Can Yayınları,,275,2010-2011 civarı,✔,,
Satranç,Schachnovelle,Uzun Öykü,Stefan Zweig,Avusturya,Ayça Sabuncuğulu,Can Yayınları,,76,2005-2006 eğitim dönemi,✔,,
Monteigne,Monteigne,Biyografi,Stefan Zweig,Avusturya,Ahmet Cemal,Can Yayınları,,122,25.05.2016 / net,,,
Clarissa,Clarissa,Roman,Stefan Zweig,Avusturya,Gülperi Sert- Serpil Erfındık,Can Yayınları,,184,20.06.2015 / İstanbul,✔,,
Üç Büyük Usta,"Drei Meister: Balzac, Dickens, Dostoyevski",Biyografi,Stefan Zweig,Avusturya,Zehra Kurttekin,Can Yayınları,,215,4/1/2019,,Tayfun'dan satın alındı,
İnsanlığın Yıldızının Parladığı Anlar,Sternstunden der Menschheit,Deneme,Stefan Zweig,Avusturya,Kasım Eğit,Can Yayınları,,319,4/17/2019,,,
Gezinti,Der Spazierang: Prosastücke und Kleine Prosa adlı kitaptan derleme öyküler,Öykü,Robert Walser,"İsviçre, Almanca",Cemal Ener,Can Yayınları,,211,09.06.2014 / Kayseri,✔,,
Böcek ,The Beetle,Roman,Richard Marsh (Richard Bernard Heldmann),İngiliz,Nazire Ersöz,Can Yayınları,,361,15.06.2013 / Kayseri,✔,,
Simyacı,?,Roman,Paulo Coelho,Brezilya,,Can Yayınları,,,,✔,SAMETTE,
Brida,Brida,Roman,Paulo Coelho,"Brezilya, İspanyolca, İngilizce",Seçkin Selvi,Can Yayınları,,223,12.11.2011 / İstanbul,✔,,
İstinye Suları,,Öykü,Oktay Akbal,Türk,,Can Yayınları,,168,2006-2007 eğitim dönemi,✔,,
Bana Baktığın Gibi Bakma,,Roman,Nurdan Beşergil,Türk,,Can Yayınları,,339,,,Said'indi,
Tanrı Nasıl İsterse ,Come Dio Comanda,Roman,Niccolo Ammaniti,İtalyan,Yelda Gürlek,Can Yayınları,,518,19.06.2013 / Kayseri,✔,,
Patagonya Ekspresi,Patagonia Express,Roman,Luis Sepúlveda,Şili,Yıldız Canpolat,Can Yayınları,,152,05.06.2014 / Kayseri,✔,,
Kaybın Türküsü,The Inheritance of Loss,Roman,Kiran Desai,Hindistan,Suat Ertüzün,Can Yayınları,,438,,✔,Said'indi,
Şeker Portakalı,Meu Pé de Laranja Lima,Roman,José Mauro De Vasconcelos,Brezilya,Aydın Emeç,Can Yayınları,,207,çok eski,✔,,
Gecenin Çobanları,Os Pastores da Noite,Roman,Jorge Amado,Brezilya,Adnan Cemgil,Can Yayınları,,372,11.06.2013 / Kayseri,✔,,
Bulantı ,La Nausée,Roman,Jean-Paul Sartre,Fransız,Selahaddin Hilav,Can Yayınları,,260,26.06.2015 / net,✔,,
Siddhartha: Bir Hint Masalı,Siddhatrtha:Eine indische Dichtung,Roman,Hermann Hesse,Almanya,Kamuran Şipal,Can Yayınları,,150,5/22/2020,,Said'in Hediyesi,
Son Eseri,,Roman,Halide Edip Adıvar,Türk,,Can Yayınları,,198,20.06.2015 / İstanbul,✔,,
Hayvan Çiftliği,Animal Farm,Roman,George Orwell,İngiliz,Celal Üstüner,Can Yayınları,,149,4/1/2019,✔,Tayfun'dan satın alındı,
1984,1894,Roman,George Orwell,İngiliz,Celal Üstüner,Can Yayınları,,603,4/1/2019,✔,Tayfun'dan satın alındı,
1984,1894,Roman,George Orwell,İngiliz,Celal Üstüner,Can Yayınları,,350,4/1/2019,,Tayfun'dan satın alındı,
Silas Marner,Silas Marner,Roman,George Eliot (Mary Anne Evans),İngiliz,Cem Alpan,Can Yayınları,,248,15.06.2013 / Kayseri,✔,,
Yanıp Kül Olmadan Önce,Før Jeg Brenner Ned,Roman,Gaute Heivoll,Norveç,Deniz Canefe,Can Yayınları,,286,20.06.2015 / İstanbul,✔,,
Müzikhol ,Music-Hall!,Roman,Gaétan Soucy,Fransız,İsmet Birkan,Can Yayınları,,392,20.06.2015 / İstanbul,✔,,
Yüzyıllık Yalnızlık,Cien años de soledad,Roman,Gabriel García Márquez,Kolombiya,Seçkin Selvi,Can Yayınları,,461,18.06.2016/İst,✔,,
"Paulo Coelho, Bir Savaşçının Yaşamı",O Mago,Biyografi,Fernando Moris,Brezilya,Samim Sakacı,Can Yayınları,,517,27.06.2015 / İstanbul,✔,,
Rüzgarlı Bayır ,Wuthering Heights,Roman,Emily Brontë,İngiliz,Naciye Akseki Öncül,Can Yayınları,,399,2008-2010 civarı,✔,Göksel Abi'nin Hediyesi,
Suçluyorum,J'accuse,Eleştiri,Émile Zola,Fransız,Tahsin Yücel,Can Yayınları,,43,21.08.2017/İstanbul Otogar,✔,,
Ve Tarih Devam Ediyor ,La Storia,Roman,Elsa Morante,İtalyan,Nihal Önol,Can Yayınları,,732,11.06.2013 / Kayseri,✔,,
"Birand, Bir Ömür Ardına Bakmadan",,Biyografi,Can Dündar,Türk,,Can Yayınları,,408,27.06.2015 / İstanbul,✔,,
Ateşe Atılmış Bir Çiçek,,Deneme,Behçet Çelik,Türk,,Can Yayınları,,303,20.06.2015 / İstanbul,✔,,
Romantizmin Işığı Clara,,Biyografi,Aydın Büke,Türk,,Can Yayınları,,604,05.06.2014 / Kayseri,✔,,
Lanetlenmiş Ağustos Böcekleri,,Deneme,Ahmet Cemal,Türk,,Can Yayınları,,400,20.06.2015 / İstanbul,✔,,
Şemseddin Sami,,Biyografi,Agah Sırrı Levend,Türk,,Can Yayınları,,171,05.06.2014 / Kayseri,✔,,
1938 Harp Okulları Olayı ve Nazım Hikmet,,Anı,A.Kadir,Türk,,Can Yayınları,,127,15.06.2013 / Kayseri,✔,,
Aspidistra,Keep the Aspidistra Flying,Roman,George Orwell,İngiliz,Şemsa Yeğin,Can Yayınları,,296,6/28/2021,,Saidin hediyesi,
Utanç,Disgrace,Roman,John Maxwell Coetzee,Güney Afrika,İlknur Özdemir,Can Yayınları,,258,.2021,✔,Rahmetli Yeşim'den hatıra:( Necla Teyze'nin izniyle,
Anna Karenina (II. Cilt),Анна Каренина,Roman,Lev Nikolayeviç Tolstoy,Rus,Uğur Büke,Can Yayınları,,519,7/7/2022,sonra,Tayfun'un Hediyesi,
Bilgi Felsefesi,,Felsefe,Vehbi Hacıkadiroğlu,Türk,,Cem Yayınevi,,256,8/8/2016,,,
Psikianalize Giriş- Hatalı Eylemler,,Psikoloji,Sigmund Freud,Avusturya,A. Can İdemen,Cem Yayınevi,,79,8/8/2016,✔,,
Genç Bir Şaire Mektuplar,,Mektup,Rainer Maria Rilke,Alman,Kamuran Şipal,Cem Yayınevi,,103,8/8/2016,,,
Denemeler,?,Deneme,Monteigne,Fransız,Sabahattin Eyüboğlu,Cem Yayınevi,,375,2003-2006 ?,✔,,
Günlükler,?,Günce,Franz Kafka,Prag/ Almanca,Kamuran Şipal,Cem Yayınevi,,774,11.11.2014 / İstanbul,✔,Hande'nin Hediyesi,
Yeni Bulunmuş Mektuplar,?,Mektup,Franz Kafka,Prag/ Almanca,Kamuran Şipal,Cem Yayınevi,,136,11.11.2014 / İstanbul,✔,Hande'nin Hediyesi,
Milena'ya Mektuplar,Briefe an Milena,Mektup,Franz Kafka,Prag/ Almanca,Kamuran Şipal,Cem Yayınevi,,424,11.11.2014 / İstanbul,✔,Hande'nin Hediyesi,
Babama Mektup,Brief An Den Vater,Mektup,Franz Kafka,Prag/ Almanca,Kamuran Şipal,Cem Yayınevi,,158,11.11.2014 / İstanbul,✔,Hande'nin Hediyesi,
Ottla'ya ve Ailesine Mektuplar,?,Mektup,Franz Kafka,Prag/ Almanca,Kamuran Şipal,Cem Yayınevi,,220,11.11.2014 / İstanbul,✔,Hande'nin Hediyesi,
Özdeyişler,?,Özdeyiş,Franz Kafka,Prag/ Almanca,Kamuran Şipal,Cem Yayınevi,,171,11.11.2014 / İstanbul,✔,Hande'nin Hediyesi,
Hikayeler,,Öykü,Franz Kafka,Prag/ Almanca,Kamuran Şipal,Cem Yayınevi,,237,8/8/2016,,,
Dava,Der Prozess,Roman,Franz Kafka,Prag/ Almanca,Kamuran Şipal,Cem Yayınevi,,347,11.11.2014 / İstanbul,✔,Hande'nin Hediyesi,
Bir Savaşın Tasviri,Beschreibung eines Kampfes,Öykü,Franz Kafka,Prag/ Almanca,Kamuran Şipal,Cem Yayınevi,,334,11.11.2014 / İstanbul,✔,Hande'nin Hediyesi,
Taşrada Düğün Hazırlıkları,Hochzeitsvorbereitungen auf dem Lande,Öykü,Franz Kafka,Prag/ Almanca,Kamuran Şipal,Cem Yayınevi,,347,11.11.2014 / İstanbul,✔,Hande'nin Hediyesi,
Değişim,Die Verwandlung,Uzun Öykü,Franz Kafka,Prag/ Almanca,Kamuran Şipal,Cem Yayınevi,,106,11.11.2014 / İstanbul,✔,Hande'nin Hediyesi,
Şato,Das Schloss,Roman,Franz Kafka,Prag/ Almanca,Kamuran Şipal,Cem Yayınevi,,412,11.11.2014 / İstanbul,✔,Hande'nin Hediyesi,
Kayıp (Amerika),Der Verschollene (Amerika),Roman,Franz Kafka,Prag/ Almanca,Kamuran Şipal,Cem Yayınevi,,323,11.11.2014 / İstanbul,✔,Hande'nin Hediyesi,
Bir Dostluk Kafka-Max Brod Mektuplaşmaları,Eine Freuundschaft- Brşefwechsel,Mektup,Franz Kafka,Prag/ Almanca,Kamuran Şipal,Cem Yayınevi,,536,12/18/2019,✔,Said'in Hediyesi,
İntihar,,Sosyoloji,Emile Durkheim,Fransız,Özer Ozankaya,Cem Yayınevi,,480,8/8/2016,✔,,
Toplumbilimin Yöntem Kuralları,,Sosyoloji,Emile Durkheim,Fransız,Özer Ozankaya,Cem Yayınevi,,206,8/8/2016,✔,,
"Dinle, Küçük Adam",Rede an den kleinen mann,Psikoloji,Wilhelm Reich,Avusturya,Yüksel Pazakaya,Cem Yayınevi,,125,6/28/2021,,Saidin hediyesi,
İnsanı Tanıma Sanatı,,Psikoloji,Alfred Adler,Avusturya,Leyla Uslu,Cem Yayınevi,,248,6/28/2021,,Saidin hediyesi,
Özgürlük Ahlakı,,Felsefe,Vehbi Hacıkadiroğlu,Türk,,Cem Yayınevi,,119,12/8/2021,,,
Özgürlük Hukuku,,Felsefe,Vehbi Hacıkadiroğlu,Türk,,Cem Yayınevi,,130,23.03.2022/net,,,
"Tanrı, Özgürlük ve Ölümsüzlük Immanuel Kant'ın Saf Aklın Eleştirisi Üzerine Bir Tartışma",,Tartışma,Tamer Ertangil,Türk,,Cinius Yayınları,,187,4/1/2019,,Tayfun'dan satın alındı,
Sonsuza 1 Kala,,Şiir,Merve Aykun,Türk,,Cinius Yayınları,,76,11/24/2019,,Hande'nin Hediyesi,
LearNihongo,,Dil,Abdurrahman Esendemir,Türk,,Cinius Yayınları,,184,4/1/2019,X,Tayfun'dan satın alındı,
Kore Alfabesi,,Dil,Abdurrahman Esendemir,Türk,,Cinius Yayınları,,79,4/1/2019,X,Tayfun'dan satın alındı,
The Hunchback of The Notre-Dame ,Notre Dame de Paris,Roman,Victor Hugo,Fransız,,Collins Publisher,,643,2010-2013 arası bir zaman,sonra,,
Peygamber Efendimizin Hayatı,,Biyografi,Ahmet Cevdet Paşa,Türk,,Çamlıca Basım Yayın,,334,_,✔,,
Kalplerin Keşfi ,Mukaşefetü'l Kulûb,Din,İmam-ı Gazali,Fars,Salih Uçan,Çelik Yayınları,,582,11.08.2016 / Ankara,✔,,
Bu Şehir Yabancıdır Senin Susuşlarına,,Öykü,Necati Atar,Türk,,Çıra Yayınları,,159,Ortaokul Çağları,✔,Zülfiye'nin Hediyesi,
Havaya Uçan At,,Çocuk,Peyami Safa,Türk,,Damla Yayınevi,,125,4/1/2019,✔,Tayfun'dan satın alındı,
İnsan Nedir?,What is Man?,,Mark Twain,ABD,Esra Damla İpekçi,Dedalus Kitap,,135,2/18/2019,✔,Said'in Hediyesi,
Şarabın Şiiri Esrarın Şiiri,La Paradise Artifficials,Deneme,Charles Baudelaire,Fransız,Orhan Düz,Dedalus Kitap,,107,4/1/2019,,Tayfun'dan satın alındı,
Vladimir Komarov,,Oyun,Memet Baydur,Türk,,Dedalus Kitap,,287,19.10.2021/net,,"Türkçe, İngilizce, Rusça",
Star Wars Sineması Okumaları,,Sinema,S. Serhat Serter,Türk,,Dedalus Kitap,,384,19.10.2021/net,✔,,
Pardayanlar,Les Pardaillan,Roman,Michel Zévaco,Fransız,Murat Sertoğlu,Dedalus Kitap,4. Baskı Temmuz 2022,579,10/14/2022,,Said'in Hediyesi,
Saatleri Ayarlama Enstitüsü,,Roman,Ahmet Hamdi Tanpınar,Türk,,Dergah Yayınları,,382,08.03.2016 / İstanbul,✔,,
Yahya Kemal,,İnceleme,Ahmet Hamdi Tanpınar,Türk,,Dergah Yayınları,,222,12.11.2014 / İstanbul,✔,,
Fi,,Roman,Azra Kohen,Türk,,Destek Yayınları,,598,05.04.2016 / net,✔,,
Çi,,Roman,Azra Kohen,Türk,,Destek Yayınları,,318,05.04.2016 / net,✔,,
Pi,,Roman,Azra Kohen,Türk,,Destek Yayınları,,701,05.04.2016 / net,✔,,
Da Vinci Şifresi'nin Çöküşü,?,İnceleme,"James L. Garlow, Peter Jones",ABD,Ilgaz Işık,Dharma Yayınları,,223,2004-2006,✔,,
Notre Dame'ın Kamburu ,Notre Dame de Paris,Roman,Victor Hugo,Fransız,Canan Nur Polat,Dionis Yayınları,,461,30.04.2016 / İstanbul,✔,Berbattttt bir yayınevi,
Bir Aşk Sayfası ,Une Page d'Amour,Roman,Émile Zola,Fransız,Pınar Ödemiş,Dionis Yayınları,,365,30.04.2016 / İstanbul,✔,Berbattttt bir yayınevi,
İstabul Erkeği,,,İlker Özmestçi,Türk,,DNZ kitap,,206,,,,
"İstanbul, 7 Tepede 17 Gezi",,Gezi,Rüknü Özkök,Türk,,Doğan Kitap,,531,25.07.20015 / İstanbul,✔,,
Hitler'in Barışı,Hitler's Peace,Roman,Philip Kerr,İngiliz,Murat İnceayan,Doğan Kitap,,359,2006-2009,✔,,
Kardeşimin Hikayesi,,Roman,Ömer Zülfü Livaneli,Türk,,Doğan Kitap,,324,22.10.2013 / Kayseri,✔,,
Ekinoks,Equinox,Roman,Michael White,İngiliz,Zeynep Seymen,Doğan Kitap,,241,2006-2007,✔,,
Kara Büyü,Maléfices,Roman,Maxime Chattam,Fransız,Aykut Derman,Doğan Kitap,,422,2006-2007,✔,,
Ölü Ruhlar Ormanı,La Fôret Des Mânes,Roman,Jean-Christophe Grangé,Fransız,Tankut Gökçe,Doğan Kitap,,459,7/2/1905,✔,,
Siyah Kan,?,Roman,Jean-Christophe Grangé,Fransız,,Doğan Kitap,,,2007-2009,✔,SAMETTE,
Koloni,Miserere,Roman,Jean-Christophe Grangé,Fransız,Tankut Gökçe,Doğan Kitap,,422,7/1/1905,✔,,
Kurtlar İmparatorluğu,L'Empire Des Loups,Roman,Jean-Christophe Grangé,Fransız,Şevket Deniz,Doğan Kitap,,405,2007-2009,✔,,
8. Gün,Resurrection Day,Roman,Glenn Made,ABD,Ali Cevat Akkoyunlu,Doğan Kitap,,668,Lise çağları,✔,,
Şeytanın Müridi,The Devil's Disciple,Roman,Glenn Made,ABD,Cumhur Orancı,Doğan Kitap,,519,Lise çağları,✔,,
Şarık Tara Anlatıyor,,Biyografi,Çiğdem Tüzün,Türk,,Doğan Kitap,,314,16.04.2019 /İst Enka Oditoryum,,,
Şarık Tara in his own words,,Biyografi,Çiğdem Tüzün,Türk,"Yelda Türedi, Brendan Freely",Doğan Kitap,,314,16.04.2019 /İst Enka Oditoryum,,ingilizce,
Kanlı Kartal,Blood Eagle,Roman,Craig Russel,İskoçya,Renan Akman,Doğan Kitap,,355,2006-2007,✔,,
"Binbir Renk Binbir Çiçek, Yaşar Kemal'li Anılar",,Anı,Arif Keskiner,Türk,,Doğan Kitap,,480,04.10.2015 / İstanbul,✔,,
Kar Kokusu,,Roman,Ahmet Ümit,Türk,,Doğan Kitap,,261,30.09.2011 /İstanbul,✔,,
İnsan Ruhunun Haritası,,Deneme,Ahmet Ümit,Türk,,Doğan Kitap,,194,02.08.2013 / İstanbul,✔,,
Osmanlı Padişahları,,Tarih,Reşad Ekrem Koçu,Türk,,Doğan Kitap,,508,7/7/2022,✔,Tayfun'un Hediyesi,
İyileşmek İstiyorsan,,Kişisel Gelişim,Nevşah Fidan Karamehmet,Türk,,Doğan Kitap,1. Baskı Ağustos 2013,218,2022,✔,Annem'in,
Kayıp Zamanın İzinde Ahmet Hamdi Tanpınar,,İnceleme,Mehmet Aydın,Türk,,Doğu Batı Yayınları,,272,8/8/2016,,,
Simülakrlar ve Simülasyon,Simulacres et Simulation,Sosyoloji,Jean Baudillard,Fransız,Oğuz Adanır,Doğu Batı Yayınları,,215,4/1/2019,,Tayfun'dan satın alındı,
Simülakrlar ve Simülasyon,Simulacres et Simulation,Sosyoloji,Jean Baudillard,Fransız,Oğuz Adanır,Doğu Batı Yayınları,,215,6/1/2022,,Tayfun'un Hediyesi,
"Mektup, Yazışmanın Hayli İlginç Tarihi",To The Letter,İnceleme,Simon Garfield,İngiliz,Zeynep Yeşiltuna,Domingo,,445,30.06.2016 / net,✔,,
Incognito,Incognito,Sinirbilim,David Eagleman,ABD,Zeynep Arık Tozar,Domingo,,294,01.01.2017 / net,✔,,
Beyin Senin Hikayen,The Brain: The Story of You,Sinirbilim,David Eagleman,ABD,Zeynep Arık Tozar,Domingo,,265,11.11.2017/İst tüyap,✔,,
Knights of Industry,,Öykü,V. Vladimirovich Krestovski,Ukrayna,,Dorlion Yayıncılık,,78,,✔,ingilizce Tayfun'dan satın alındı,
İtiraflarım,,Anı,Lev Nikolayeviç Tolstoy,Rus,Aycan Özüpek,Dorlion Yayıncılık,,76,1/14/2021,,Tayfun'dan,
The Adventure of the Blue Carbuncle,,Öykü,Arthur Ignatius Conan Doyle,İskoçya,,Dorlion Yayıncılık,,61,1/12/2012,✔,ingilizce Tayfun'dan,
101 Fantastic Fables,,Fabl,Ambrose Bierce,Amerika,,Dorlion Yayıncılık,,80,1/19/2021,✔,ingilizce Tayfun,
Innocence,,Öykü,Honore De Balzac,Fransa,,Dorlion Yayıncılık,,64,1/19/2021,✔,ingilizce Tayfun,
Bilinçaltı,,Otobiyografi,Sigmund Freud,Avusturya,Ahmet Necip Yılmaz,Dorlion Yayıncılık,,168,1/19/2021,,Tayfun,
"Fotoğrafçı Olmak
Pratik Bir Rehber",On Being a Photographer,Fotoğraf,David Hurn / Magnum Bill Jay,İngiltere,Hüseyin Yılmaz,e sp a s,,221,11/9/2021,,,
Menar Tefsiri Konu Başlıkları Fihristi,,Din,Hamza Türkmen,,,Ekin Yayınları,,200,28.02.2015/İst tüyap,✔,,
Yoldaki Mühendis,?,Otobiyografi,Abdullah Galip Bergusi,Filistin,Abdulvahap Kösesoy,Ekin Yayınları,,200,28.02.2015 / İstanbul,✔,,
Arif Nihat Asya'dan Seçme Şiirler ve Yazılar,,Şiir,Cengizhan Orakçı,Türk,,Elips Kitap,,187,4/1/2019,✔,Tayfun'dan satın alındı,
İslami Antropolojinin Oluşturulması -Kendimizi ve Başkalarını Tanımak-,Knowing One Other Shaping an Islamic Anthropolpgy,İnceleme,Merrly Wyn Davies,Galler,Tayfun Doğukargın,Endülüs Yayınları,,237,30.06.2016 / net,✔,,
Kliniğin Doğuşu tıbbi algının arkeolojisi,Naissanca de la clinique une archeologie du regard medical,Bilim tarihi,Michel Foucault,Fransız,Şule Ünsaldı,Epos Yayınları,,256,4/17/2019,✔,,
Kendi Ayakları Üstünde,,Kurgu Günce,İpek Ongun,Türk,,Epsilon Yayıncılık,,365,2005-2007?,✔,,
Anne Frank'in Hatıra Defteri,"Anne Frank, Het Achterhuis",Günce,Anne Frank,Alman,Hakan Kuyucu,Epsilon Yayıncılık,,341,05.04.2016 / net,✔,,
Hayata Yön Veren Sözler,,Özdeyiş,Akın Alıcı,Türk,,Epsilon Yayıncılık,,160,6/28/1905,✔,,
Martı Jonathan Livingston,Jonathan Livingston Seagull,Öykü,Richard Bach,ABD,Kader Ay/ Aslı Tümerkan,Epsilon Yayıncılık,,147,3/6/2022,,Tayfun'dan hediye,
Frida Kahlo Aşk ve Acı,Frida Kahlo Presses de la Renaissence,Biyografi,Rauda Jamis,Meksika,Hülya Uğur Tanrıöver Tufan,Everest Yayınları,,304,28.04.2013/Kayseri,✔,Yeşimde,
Eskici ve Oğulları,,Roman,Orhan Kemal,Türk,,Everest Yayınları,,470,11/28/2017,✔,,
Defterler,,Günce,Nilgün Marmara,Türk,,Everest Yayınları,,535,"13.11.2016
Tüyap-İst",✔,Tayfun'dan,
Uçurtma Avcısı,The Kite Runner,Roman,Khaled Hosseini,Afganistan /ABD,Püren Özgören,Everest Yayınları,,440,,✔,Said'indi,
Beni Kör Kuyularda,,Roman,Hasan Ali Toptaş,Türk,,Everest Yayınları,,238,5/22/2020,,Said'in Hediyesi,
Gizli Anların Yolcusu,,Roman,Ayşe Kulin,Türk,,Everest Yayınları,,427,4/1/2019,✔,Tayfun'dan satın alındı,
Bora'nın Kitabı,,Roman,Ayşe Kulin,Türk,,Everest Yayınları,,249,4/1/2019,,Tayfun'dan satın alındı,
Memurun Ölümü ((Bütün Öyküleri 1 1880-1884)),,Öykü,Anton Pavloviç Çehov,Rus,Uğur Büke,Everest Yayınları,,304,12/29/2020,,,
Öylesine Bir Öykü (Bütün Öyküleri-5 1888-1891),,Öykü,Anton Pavloviç Çehov,Rus,Mehmet Özgül,Everest Yayınları,,391,Ocak2020/net,sonra,Said'in Hediyesi,
İstanbul Hatırası,,Roman,Ahmet Ümit,Türk,,Everest Yayınları,,685,11.03.2016 / İstanbul,✔,yeşimde,
Kukla,,Roman,Ahmet Ümit,Türk,,Everest Yayınları,,687,01.04.2016 / İstanbul,✔,,
Bab-ı Esrar,,Roman,Ahmet Ümit,Türk,,Everest Yayınları,,646,4/1/2019,✔,Tayfun'dan satın alındı,
Tiamat,,Roman,İhsan Oktay Anar,Türk,,Everest Yayınları,,156,,,Said'in Hediyesi,
Nikah Risalesi,,Din,Fazilet Neşriyat Araştırma Heyeti,Türk,,Fazilet Neşriyat ,,79,11.11.2017/İst tüyap,✔,,
Tanrı'nın Sevgi Mesajı,,Din,Ali Kalkandelen,Türk,,Gerçeğe Doğru Kitapları,,111,5/28/2022,,Santa Maria Draperis Kilisesi Hediyesi,
Kopernik'in Unutulmuş Kitabı,The Book Nobody Read,Roman,Owen Gingerich,ABD,Emre Erbatur,GOA Basım Yayın,,280,23.03.2022/net,,,
Alice Kuantum Diyarı'nda,Alice in Quantumland,Bilim,Robert Gilmore,ABD,Filiz Kaynak,Güncel Yayıncılık,,221,10/23/2017,✔,Yeşim Vardar'ın Hediyesi,
Kirli Ellerin İttifakı Beyaz Enerji Operasyonu'nun Perde Arkası,,Araştırma,Aziz Ergen,Türk,,Güncel Yayıncılık,,231,4/1/2019,✔,Tayfun'dan satın alındı,
Kur'an Mucizeleri,,İnceleme,Adem Yakup,Türk,,Güngören Belediyesi,,118,_,✔,,
yeni başlayanlar için Dünya Edebiyat Tarihi,Literatura Universal para Principantes,Edebiyat tarihi,"Marilen Stengel, Diegro Dey",Arjantin,Burcu Genç,Habitus Kitap,,175,4/1/2019,,Tayfun'dan satın alındı,
Ernst Bloch'la Söyleşiler,,Söyleşi,"Ernst Bloch, Michael Löwy, Arno Münster, Theodor W. Adrono",Alman,"U. Uraz Aydın, Hakkı Hünler",Habitus Kitap,,85,4/1/2019,,Tayfun'dan satın alındı,
Amerika'nın Yasak Hikayesi,Storia Proibita Dell'America,İnceleme,Dario Fo,İtalyan,Dilek Silahdaroğlu,Habitus Kitap,,127,4/1/2019,,Tayfun'dan satın alındı,
yeni başlayanlar için Yunan Felsefesi,Filosofía Griega para Principantes,Felsefe,"Axel Cherniavsky, Pablo Sapia",Arjantin,Cem Tüzün,Habitus Kitap,,173,4/1/2019,,Tayfun'dan satın alındı,
Hacettepe Üniversitesi Edebiyat Fakültesi Dergisi,,Dergi,,Türk,,Hacettepe Üniversitesi,,217,4/1/2019,,Tayfun'dan satın alındı,
İngiliz Casusunun İtirafları,,Din,M. Sıddık Gümüş,Türk,,Hakikat Kitabevi,,128,çok eski,✔,,
Sufisözlük,,Sözlük,Hikmet Anıl Öztekin,Türk,,Hayy Kitap,,271,4/1/2019,,Tayfun'dan satın alındı,
Beyoğlu'nda Garibanın Otopsisi Yapılmaz,,Öykü,Oktay Güzeloğlu,Türk,,Hiç Yayınları,,140,12.11.2014 / İstanbul,✔,,
"Deniz, Yaşamı ve Mücadelesi",,Siyaset,Özgür Erdem,Türk,,İleri Yayınları,,160,2005-2007 arası bir zaman?,✔,,
Küba Günlüğü,?,Anı,Ernesto Che Guevara,Arjantin,?,İleri Yayınları,,290,2005-2007 arası bir zaman?,✔,,
Solaris,Solaris,Roman,Stainslaw Lem,Leh,Mehmet Aközer,İletişim Yayınları,,236,12.03.2014 / Kayseri,✔,Said'in Hediyesi,
Günlük,,Günce,Oğuz Atay,Türk,,İletişim Yayınları,,287,30.05.2013 / Kayseri,✔,,
Tutunamayanlar,,Roman,Oğuz Atay,Türk,,İletişim Yayınları,,724,2010-2011?,✔,Özlem'in Hediyesi,
Kum Kitabı,El Libro de Arena,Öykü,Jorge Luis Borges,Arjantin,Yıldız Ersoy Canpolat,İletişim Yayınları,,143,23.11.2013 / Ankara,✔,,
Sanatçının Bir Genç Adam Olarak Portresi,A Portrait of The Artist as a Young Man,Otobiyografik Roman,James Joyce,İrlanda,Murat Belge,İletişim Yayınları,,339,08.11.2015 / İstanbul,✔,,
Kitab-ül Hiyel,,Roman,İhsan Oktay Anar,Türk,,İletişim Yayınları,,154,5/22/2020,,Said'in Hediyesi,
Otel Paranoya,,Öykü,Hakan Bıçakçı,Türk,,İletişim Yayınları,,38,2/25/2019,,,
Stepançikovo Köyü ve Sakinleri,Selo Stepanchikovo i Ego Obitateli (Село Степанчиково и его Обитатели),Roman,Fyodor Mihayloviç Dostoyevski,Rus,Ergin Altay,İletişim Yayınları,,290,08.11.2015 / İstanbul,✔,,
Yaz İzlenimleri Üzerine Kış Notları,(Зимние заметки о летних впечатлениях),Gezi-Deneme,Fyodor Mihayloviç Dostoyevski,Rus,Ergin Altay,İletişim Yayınları,,137,7/19/2016,,,
İnsancıklar,Бедные Люди,Roman,Fyodor Mihayloviç Dostoyevski,Rus,Ergin Altay,İletişim Yayınları,,212,2/25/2019,,,
Öyküler,,Öykü,Fyodor Mihayloviç Dostoyevski,Rus,Ergin Altay,İletişim Yayınları,,496,2/25/2019,✔,,
"Üç Novella (Ev Sahibesi, Amcanın Rüyası, Ebedi Koca)","Хозяйка, Дядюшкин Сон, ВечныйМуж",Novella,Fyodor Mihayloviç Dostoyevski,Rus,Ergin Altay,İletişim Yayınları,,455,2/25/2019,✔,,
Ezilmiş ve Aşağılanmışlar,Униженыеи Оскорблённые,Roman,Fyodor Mihayloviç Dostoyevski,Rus,Ergin Altay,İletişim Yayınları,,412,2/25/2019,✔,,
Netoçka Nezanova,Неточка Незанова,Novella,Fyodor Mihayloviç Dostoyevski,Rus,Ergin Altay,İletişim Yayınları,,219,2/25/2019,,,
Puşkin Konuşması,Пушкинская Речь,Söylev,Fyodor Mihayloviç Dostoyevski,Rus,Tektaş Ağaoğlu,İletişim Yayınları,,169,2/25/2019,,,
Cinler,Бесы,Roman,Fyodor Mihayloviç Dostoyevski,Rus,Ergin Altay,İletişim Yayınları,,823,2/25/2019,✔,,
Üst Kattaki Terörist,,Öykü,Emrah Serbes,Türk,,İletişim Yayınları,,22,2/25/2019,,,
Ermeni Tabusu Üzerine Bir Diyalog (Ahmet İnsel/ Michel Marian),Dialogue sur la Tabou Armenien,Politik,Ariane Bonzon,Türk,,İletişim Yayınları,,165,3/7/2021,,Tayfundan,
Göz,The Eye,Roman,Viladimir Nabokov,Rus,Ece Şetvan,İletişim Yayınları,,77,6/28/2021,,Saidin hediyesi,
Kumdan Yürek,Gravel Heart,Roman,Abdulrazak Gurnah,Zanzibar,Mehmet Deniz Öcal,İletişim Yayınları,5. baskı 2022,292,10/4/2022,,Said'in Hediyesi,
Drina Köprüsü,Na Drini Ćuprija,Roman,Ivo Andriç,Bosna-Hersek Sırpça,"Hasan Ali Ediz
Nuriye Müstakimoğlu",İletişim Yayınları,27. Baskı 2021,353,10/4/2022,,Said'in Hediyesi,
Ivan Denisoviç'in Bir Günü,Один день Ивана Денисовича,Roman,Aleksandr Isayeviç Soljenitsin,Rus,Mehmet Özgül,İletişim Yayınları,6. baskı 2021,160,10/4/2022,,Said'in Hediyesi,
Domuz ve Toprak (Onların Emeklerine Üçlemesi),Pig Earth,Roman,John Berger,İngiliz,Taciser Belge,İletişim Yayınları,4. Baskı 2020,257,10/14/2022,,Said'in Hediyesi,
Bir Zamanlar EUROPA'da (Onların Emeklerine Üçlemesi),Once in Europa,Roman,John Berger,İngiliz,Murat Belge-Taciser Belge,İletişim Yayınları,4. Baskı 2021,193,10/14/2022,,Said'in Hediyesi,
Leylak ve Bayrak (Onların Emeklerine Üçlemesi),Lilac and Flag,Roman,John Berger,İngiliz,Murat Belge-Taciser Belge,İletişim Yayınları,2. Baskı 2016,212,10/14/2022,,Said'in Hediyesi,
Böyle Buyurdu Zerdüşt,Also sprach Zarathustra,Felsefe,Friedrich Wilhelm Nietzsche,Alman,Korkut Ata,İlgi Kültür Sanat Yayıncılık,,400,2011?,✔✔,,
Aforizmalar,,Özdeyiş,Friedrich Wilhelm Nietzsche,Alman,Orhan Düz,İlgi Kültür Sanat Yayıncılık,,257,2011?,✔,,
Fotoğrafın Yapısal Öğeleri ve Fotoğraf Sanatında Kompozisyon,,Fotoğraf,Sabit Kalfagil,Türk,,İlke Kitap,,214,11/23/2021,,,
Dünya Tarihi,A World History,Tarih,William H. McNeill,Kanada-ABD,Alaeddin Şenel,İmge Kitabevi,,887,30.09.2020/net,✔,,
Üç Kadın," Agnes, Sylvi, Anna Liisa","Öykü, Oyun, Oyun",Minna Canth,Finlandiya,Aylin Tünay Üstünkök,İmge Kitabevi,,303,12.11.2014 / İstanbul,✔,,
Siyasi Tarih (İlk Çağlardan 1918'e),,Tarih,Oral Sander,Türk,,İmge Kitabevi,32. Baskı Ekim 2017,423,7/7/2022,✔,Tayfun'un Hediyesi,
Siyasi Tarih (1918-1994),,Tarih,Oral Sander,Türk,,İmge Kitabevi,30. Baskı Kasım 2020,605,7/7/2022,✔,Tayfun'un Hediyesi,
Kendine Ait Bir Oda,A Room of One's Own,Deneme,Virgina Woolf,İngiliz,Ezgi Taboğlu Özkülahçı,İndigo Kitap,,160,4/1/2019,,Tayfun'dan satın alındı,
Savaş Sanatı,Sünzi Bïngfă,Kişisel Gelişim,Sun Tzu,Çin,Barış Satılmış,İndigo Kitap,,74,4/1/2019,✔,Tayfun'dan satın alındı,
Amok Koşucusu,Der Amokläufer,Öykü,Stefan Zweig,Avusturya,Senem İnal,İndigo Kitap,,79,4/1/2019,✔,Tayfun'dan satın alındı,
Bir Delinin Hatıra Defteri Palto Burun Öyküleryle,,Öykü,Nikolay Vasilyeviç Gogol,"Ukrayna, Rus",Cenk Çelebş,İndigo Kitap,,120,4/1/2019,✔,Tayfun'dan satın alındı,
İnsan Neyle Yaşar,,Uzun Öykü,Lev Nikolayeviç Tolstoy,Rus,Gökçe Müderrisoğlu Aktaş,İndigo Kitap,,91,4/1/2019,,Tayfun'dan satın alındı,
Genç Werther'in Acıları,Die Leiden des Jungen Werther,Kurgu Günce,Johann Wolfgang von Goethe,Alman,Gökçe Müderrisoğlu Aktaş,İndigo Kitap,,160,4/1/2019,,Tayfun'dan satın alındı,
Ikıgaı Japonların Uzun ve Mutlu Yaşama Sırrı,"
生きがい",Kişisel Gelişim,"Hector Garcia, Francesc Miralles",İspanya,Meltem Uzun,İndigo Kitap,,171,4/1/2019,,Tayfun'dan satın alındı,
Ermiş,The Prophet,Deneme,Halil Cibran,"Lübnan, ABD",Eren Turan,İndigo Kitap,,60,4/1/2019,,Tayfun'dan satın alındı,
Ermişin Bahçesi,The Garden of The Prophet,Deneme,Halil Cibran,"Lübnan, ABD",Eren Turan,İndigo Kitap,,47,4/1/2019,,Tayfun'dan satın alındı,
Dönüşüm,Die Verwandlung,Uzun Öykü,Franz Kafka,Prag/ Almanca,Rüstem Kocayürek,İndigo Kitap,,87,4/1/2019,,Tayfun'dan satın alındı,
Babaya Mektup,Brief An Den Vater,Mektup,Franz Kafka,Prag/ Almanca,Rüstem Kocayürek,İndigo Kitap,,88,4/1/2019,,Tayfun'dan satın alındı,
Mecburiyet,Der Zwang,Öykü,Stefan Zweig,Avusturya,Itır Ilgaz,İndigo Kitap,,56,1/14/2021,,Tayfun'dan,
Yakıcı Sır,Brennedes Geheimnis,Öykü,Stefan Zweig,Avusturya,Ufuk Tonka,İndigo Kitap,,99,1/14/2021,,Tayfun'dan,
Aylak,Ein Verbummelter,Öykü,Stefan Zweig,Avusturya,Ogün Duman,İndigo Kitap,,76,1/14/2021,,Tayfun'dan,
Hükümdar,Il Principe,Siyasi,Niccolò Machiavelli,İtalya,Sema Sevinç Baykal,İndigo Kitap,,115,1/12/2021,,Tayfun'dan,
Bugüne Dek Yaşamış Herkesin Kısa Bir Tarihi,A Brief History of Everyone Who Ever Lived,Bilim,Adam Rutherford,İngiliz,Gökçe Müderrisoğlu Aktaş,İndigo Kitap,,362,1/26/2021,✔,Tayfun,
Heidegger Üzerine İki Yazı,Heidegger. Perspektiven zur Deutung seines Werk,İnceleme,"Otto Pöggeler, Beda Allemann","Almanya, İsviçre",Doğan Özlem,İnkılap Yayınevi,,129,10/27/2017,✔,,
Tarihin Saklanan Yüzü,,Tarih,Çetin Altan,Türk,,İnkılap Yayınevi,,269,25.05.2016 / net,✔,,
Hz. Muhammed'in Hayatı,?,Biyografi,Martin Lings,İngiliz,Nazife Şişman,İnsan Yayınları,,373,2008 civarı,✔,Sıddık'ın Hediyesi,
Ana,MaTb,Roman,Maksim Gorki (Aleksey Maksimoviç Peşkov),Rus,Mustafa Bahar,İskele Yayıncılık,,392,08.11.2015 / İstanbul,✔,,
Nana,Nana,Roman,Émile Zola,Fransız,Nurettin Bahar,İskele Yayıncılık,,446,08.11.2015 / İstanbul,✔,,
Felatun Bey ile Rakım Efendi,,Roman,Ahmet Mithat,Türk,,İskele Yayıncılık,,256,08.11.2015 / İstanbul,✔,,
Online İçerik Yazarlığı,,Eğitim,Sertaç Dağlıdere,Türk,,İskenderiye Kitap,,128,1/12/2021,,"Tayfun'dan
Bakırköydeki işyerinde:(",
Fahrenheit 451,Fahrenheit 451,Roman,Ray Bradbury,ABD,Zerrin-Korkut Kayalıoğlu,İthaki Yayın,,238,03.04.2016 / İstanbul,✔,,
Fahrenheit 451,Fahrenheit 451,Roman,Ray Bradbury,ABD,Dost Körpe,İthaki Yayın,,202,4/1/2019,✔,Tayfun'dan satın alındı,
"Ben, Kirke",Circe,Roman,Madeline Miller,ABD,Seda Cıngar Mellor,İthaki Yayın,,404,5/22/2020,✔,Said'in Hediyesi,
Vergilius'un Ölümü,Der Tod des Vergil,Roman,Hermann Broch,Avusturya,Ahmet Cemal,İthaki Yayın,,479+20,25.05.2016 / net,✔,,
Psikolojik Otobiyografi,Psychische Selbstbiographie,Otobiyografi,Hermann Broch,Avusturya,Saliha Yeniyol Kerkhoff,İthaki Yayın,,151,25.05.2016 / net,,,
"Jack Keruac Allen Gingsberg, Mektuplar",Jack Keruac and Allen Gingsberg: The Letters,Mektup,"Bill Morgan, David Stanford",ABD,Seda Ersavcı,İthaki Yayın,,620,03.04.2016 / İstanbul,✔,,
Cesur Yeni Dünya,Brave New World,Roman,Aldous Huxley,İngiliz,Ümit Tosun,İthaki Yayın,,266,26.05.2016 / İstanbul,✔,,
Aşık Kadınlar,Die Liebhaberinnen,Roman,Elfrıede Jelinek,Avusturya,Anıl Alacaoğlu,İthaki Yayın,3. Baskı Haziran 2022,187,10/4/2022,,Said'in Hediyesi,
Annem ve Hayatın Anlamı ,Momma and The Meaning of Life,Psikoterapi Öyküleri,Irvine D. Yalom,ABD,Zeliha İyidoğan Babayiğit,Kabalcı Yayınevi,,314,11.01.2016 / İstanbul,✔,,
Kanlı Gömlek,,Tarihi Roman,Ömer Rıza Doğrul,Türk,,Kaknüs Yayınları,,464,28.10.2016 / Adana,✔,Said'den doğum günü hediyesi,
A'mak-ı Hayal,,Felsefe,Filibeli Ahmed Hilmi,Türk,,Kaknüs Yayınları,,218,26.05.2016 / İstanbul,✔,,
Kırmızı Kitap Liber Novus,The Red Book. Liber Novus (liber novus=new book,Psikoloji,Carl Gustav Jung,İsviçre,Okhan Gündüz,Kaknüs Yayınları,,512,7/1/2021,✔,Rahmetli Yeşim'den hatıra:( Necla Teyze'nin izniyle,
Kumarbaz,,Roman,Fyodor Mihayloviç Dostoyevski,Rus,,Kaldırım Yayınları,,197,,✔,Said'indi,
bolo'bolo,bolo'bolo,Felsefe,p.m,?,?,Kaos Yayınları,,215,12.11.2011 / İstanbul,✔,,
Kitleler Psikolojisi,Psychologie Des Foules,Sosyoloji,Gustave Le Bon,Fransa,Filiz Karaküçük,Kapra Yayıncılık,,168,1/11/2021,,,
Toplum Sözleşmesi,Du Contrat Social,Sosyoloji,Jean Jeacques Rousseau,Fransa,Sebahat Derin Atışkan,Kapra Yayıncılık,,141,1/11/2021,,,
The Merchant of Venice,,Oyun,William Sheakespeare,İngiliz,,Karbon Kitaplar,,168,30.09.2020/net,✔,ingilizce,
The Waves,,Roman,Virgina Woolf,İngiliz,,Karbon Kitaplar,,221,30.09.2020/net,,ingilizce,
Mrs. Dalloway,,Roman,Virgina Woolf,İngiliz,,Karbon Kitaplar,,195,30.09.2020/net,✔,ingilizce,
Bir Kadının Hayatından Yirmi Dört Saat,Vierundzwanzig Stunden aus Dem Leben Einer Frau,Roman,Stefan Zweig,Avusturya,Yavuz Haznedaroğlu,Karbon Kitaplar,,67,4/1/2019,✔,Tayfun'dan satın alındı,
Korku,Angst,Roman,Stefan Zweig,Avusturya,Vildan Yalsızuçanlar,Karbon Kitaplar,,69,4/1/2019,✔,Tayfun'dan satın alındı,
Antigone,,Oyun,Sophokles,Yunan,Sabahattin Ali,Karbon Kitaplar,,64,7/11/1905,✔,Tayfun'dan satın alındı,
Kuyucaklı Yusuf,,Roman,Sabahattin Ali,Türk,,Karbon Kitaplar,,250,,✔,,
The Suicide Club,,Öykü,Robert Louis Stevenson,İskoçya,,Karbon Kitaplar,,95,30.09.2020/net,✔,ingilizce,
The Picture of Dorian Gray,,Roman,Oscar Wilde,İngiliz,,Karbon Kitaplar,,255,30.09.2020/net,,ingilizce,
Palto,,Öykü,Nikolay Vasilyeviç Gogol,"Ukrayna, Rus",Nilüfer Balan,Karbon Kitaplar,,56,4/1/2019,,Tayfun'dan satın alındı,
Adam's Diary and Other Stories,,Öykü,Mark Twain,ABD,,Karbon Kitaplar,,127,30.09.2020/net,✔,ingilizce,
Aşk Rüyası,,Öykü,Maksim Gorki (Aleksey Maksimoviç Peşkov),Rus,Hasan Ali Ediz,Karbon Kitaplar,,127,12/18/2019,,,
Alice's Adventures in Wonderland,,Öykü,Lewis Caroll,İngiliz,,Karbon Kitaplar,,111,30.09.2020/net,✔,ingilizce,
İtiraflarım,,Anı,Lev Nikolayeviç Tolstoy,Rus,İpek Söylemez,Karbon Kitaplar,,93,4/1/2019,,Tayfun'dan satın alındı,
Journey to The Center of The Earth,,Roman,Jules Verne (Jules Gabriel Verne),Fransa,Giray Özay,Karbon Kitaplar,,335,30.09.2020/net,,ingilizce,
Dubliners,,Roman,James Joyce,İrlanda,,Karbon Kitaplar,,234,30.09.2020/net,,ingilizce,
Babalar ve Oğullar, Ottsı i Deti (Отцы и дети),Roman,İvan Sergeyeviç Turgenyev ,Rus,İpek Söylemez,Karbon Kitaplar,,276,4/1/2019,,Tayfun'dan satın alındı,
Timsah,,Öykü,Fyodor Mihayloviç Dostoyevski,Rus,İpek Söylemez,Karbon Kitaplar,,52,3/11/2018,✔,,
Beyaz Geceler,Belye Nochi (Бе́лые но́чи),Roman,Fyodor Mihayloviç Dostoyevski,Rus,Aygök Bağ,Karbon Kitaplar,,72,4/1/2019,,Tayfun'dan satın alındı,
Beyaz Geceler,Belye Nochi (Бе́лые но́чи),Roman,Fyodor Mihayloviç Dostoyevski,Rus,Aygök Bağ,Karbon Kitaplar,,85,12/31/2020,,Tayfun'dan,
Öteki,Dvojnik,Roman,Fyodor Mihayloviç Dostoyevski,Rus,Beste İrem Köse,Karbon Kitaplar,,163,4/1/2019,,Tayfun'dan satın alındı,
Bir Köy Hekimi,Ein Landarzt,Öykü,Franz Kafka,Prag/ Almanca,Yavuz Haznedaroğlu,Karbon Kitaplar,,68,12/31/2020,,Tayfun'dan,
Ecce Homo,Ecce Homo,Felsefe,Friedrich Wilhelm Nietzsche,Alman,Yavuz Haznedaroğlu,Karbon Kitaplar,,115,4/1/2019,,Tayfun'dan satın alındı,
Arabalar Beş Kuruşa,,Öykü,Sabahattin Ali,Türk,,Karbon Kitaplar,,42,12/31/2020,,Tayfun'dan,
The Curious Case of Benjamin Button,,Roman,Francis Scott Key Fitzgerald,İrlanda-ABD,,Karbon Kitaplar,,58,30.09.2020/net,✔,ingilizce,
Oliver Twist,,Roman,Charles Dickens,İngiliz,,Karbon Kitaplar,,42,6/4/2020,✔,ingilizce Tayfun'dan,
Altıncı Koğuş,,Öykü,Anton Pavloviç Çehov,Rus,Esra Damla İpekçi,Karbon Kitaplar,,90,4/1/2019,,Tayfun'dan satın alındı,
Küçük Prens,Le Petit Prince,Öykü,Antoine de Saint-Exupéry,Fransız,Özge Akkaaya,Karbon Kitaplar,,117,30.06.2016 / net,✔,,
Küçük Prens,Le Petit Prince,Öykü,Antoine de Saint-Exupéry,Fransız,Özge Akkaaya,Karbon Kitaplar,,117,4/1/2019,✔,Tayfun'dan satın alındı,
Yer Altından Notlar,Zapiski iz Podpolya (Запискм из Подполья),Roman,Fyodor Mihayloviç Dostoyevski,Rus,Simge Delikanlı,Karbon Kitaplar,,152,1/12/2021,,Tayfun'dan,
Metamorphosis, Die Verwandlug,Uzun Öykü,Franz Kafka,Prag/ Almanca,Giray Özay,Karbon Kitaplar,,63,1/19/2021,✔,Tayfun,
Gurebâhâne-i Laklakan,,Makale,Ahmet Haşim,Türk,,Karbon Kitaplar,,101,8/2/2021,,,
Kızıl,Scharlach,Öykü,Stefan Zweig,Avusturya,Atilla Dirim,Karbon Kitaplar,,88,3/17/2022,,Tayfun'dan hediye,
Dava,Der Prozess,Roman,Franz Kafka,Çek Cumhuriyeti,Yavuz Haznedaroğlu,Karbon Kitaplar,,272,3/6/2022,sonra,Tayfun'dan hediye,
"Şarlatanlar, Deliler, Cimriler ve Asalaklar",El-İkdü'l-Ferîd (Kutâbu'l-Cumâneti's-Sâniyeti fì'l-Mütenebbiîn ve'l-memrûrîn ve'l-Buhalâve't-Tufeyliyyîn),Antoloji,İbn Abdirabbih,Kurtuba,Erkan Avşar,Karbon Kitaplar,,182,3/6/2022,,Tayfun'dan hediye,
Sivastopol,Севасмополь,Öykü,Lev Nikolayeviç Tolstoy,Rus,Esat Mermi Erendor,Karbon Kitaplar,,112,3/24/2022,,Tayfun'dan hediye,
Ceza Sömürgesi,In der Strafkolonie,Öykü,Franz Kafka,Çek Cumhuriyeti,Evrim Güney,Karbon Kitaplar,,78,3/24/2022,,Tayfun'dan hediye,
Çin Masalları Cilt I ,The Chinese Fairy Book,Masal,Richard Wilhelm,Çin/İngilizce'den çeviri,Ferda Kütükçüoğlu,Karbon Kitaplar,,208,4/7/2022,,Tayfun'dan,
Çin Masalları Cilt II,The Chinese Fairy Book,Masal,Richard Wilhelm,Çin/İngilizce'den çeviri,Ferda Kütükçüoğlu,Karbon Kitaplar,,190,4/7/2022,,Tayfun'dan,
Médan Geceleri Cilt I,Les Soirées de Médan,Öykü,"Zola, Maupassant, Huysmans, Céard, Hennique, Alexis",Fransa,Derya Gökçe Baskıcı,Karbon Kitaplar,,144,4/7/2022,,Tayfun'dan,
Médan Geceleri Cilt II,Les Soirées de Médan,Öykü,"Zola, Maupassant, Huysmans, Céard, Hennique, Alexis",Fransa,Derya Gökçe Baskıcı,Karbon Kitaplar,,142,4/7/2022,,Tayfun'dan,
Kroyçer Sonat,Крейцерова соната,Roman,Lev Nikolayeviç Tolstoy,Rus,Çağan Er,Karbon Kitaplar,,152,4/7/2022,,Tayfun'dan,
Deniz Feneri,To the Lighthouse,Roman,Virgina Woolf,İngiliz,Beste İrem Köse,Karbon Kitaplar,,253,4/14/2022,,Tayfun'dan,
Diriliş Cilt I,Воскресение,Roman,Lev Nikolayeviç Tolstoy,Rus,Mine Atafırat,Karbon Kitaplar,,248,4/14/2022,sonra,Tayfun'dan,
Diriliş Cilt II,Воскресение,Roman,Lev Nikolayeviç Tolstoy,Rus,Mine Atafırat,Karbon Kitaplar,,248,4/14/2022,sonra,Tayfun'dan,
Diriliş Cilt III,Воскресение,Roman,Lev Nikolayeviç Tolstoy,Rus,Mine Atafırat,Karbon Kitaplar,,229,4/14/2022,sonra,Tayfun'dan,
Thèrèse Raquin,Thèrèse Raquin,Roman,Émile Zola,Fransa,Tuba Ayık,Karbon Kitaplar,,269,4/14/2022,,Tayfun'dan,
Animal Farm,,Novel,George Orwell,English,,Karbon Kitaplar,,98,4/28/2022,✔,ingilizce Tayfun'dan hediye,
Nineteen Eighty-Four,,Novel,George Orwell,English,,Karbon Kitaplar,,325,7/7/2022,,ing Tayfun'dan,
Sefiller,Les Misérables,Roman,Victor Hugo,Fransız,Gökhan Alp Kırcıoğlu,Karınca Yayın,,357,2003-2006?,✔,Berka'ya hediye,
Yaşlı Adam ve Deniz,?,Roman,Hamingway,Fransız,,Karınca Yayın,,95,,✔,,
Beyaz Geceler,Belye Nochi (Бе́лые но́чи),Roman,Fyodor Mihayloviç Dostoyevski,Rus,Hüseyin İzzet Burakoğlu,Karınca Yayın,,94,2003-2006?,✔,,
Monte Kristo Kontu,Le Comte de Monte-Cristo,Roman,Alexandre Dumas,Fransız,Engin Güzel,Karınca Yayın,,696,2005-2006 eğitim dönemi,✔,,
The Last Stetson,,Öykü,John Fox Jr.,Amerika,,Karnaval Kitap,,64,1/12/2021,✔,Tayfun'dan ing,
Tarihin Unutulmaz Kadınları,,Kısa Biyografiler,Serap Çakır,Türk,,Kesit Yayınları,,280,12.11.2014 / İstanbul,✔,,
Kendine Ait Bir Oda,A Room of One's Own,Deneme,Virgina Woolf,İngiliz,İlknur Özdemir,Kırmızı Kedi Yayınevi,,123,16.05.2016 / İstanbul,✔,,
Günlükler,The Journals of Sylvia Plath,Günce,Sylvia Plath,ABD,Merve Sevtap ılgın,Kırmızı Kedi Yayınevi,,458,08.03.2016 / İstanbul,✔,,
Alıklar Birliği,A Confederacy of Dunces,Roman,John Kennedy Toole,ABD,Püren Özgören,Kırmızı Kedi Yayınevi,,419,01.12.2015 / İstanbul,✔,Belgin Abla'nın Hediyesi,
"Kedilerin, Martıların ve Delilerin Zamanı",,Öykü,Işıl Özgentürk,Türk,,Kırmızı Kedi Yayınevi,,117,7/19/2016,✔,,
Şerul'da Beklemek,,Öykü,Hasan Özkılıç,Türk,,Kırmızı Kedi Yayınevi,,123,7/19/2016,✔,,
Denktaş'ın Öbür Yüzü,,Anı,Erol Manisalı,Türk,,Kırmızı Kedi Yayınevi,,88,7/19/2016,✔,,
Melekler Şehri ya da Dr. Freud'un Paltosu,Stad der Engel oder de  Overcoat of Dr. Freud,Roman,Christa Wolf,Alman,İlknur Özdemir,Kırmızı Kedi Yayınevi,,441,7/19/2016,✔,,
Kırmızı ve Siyah,Le Rouge et le Noir,Roman,Stendhall (Marie-Henri Beyle),Fransız,?,Kitap Zamanı,,473,?,✔,,
Nutuk,,Söylev,Mustafa Kemal Atatürk,Türk,,Kitap Zamanı,,216,?,✔,,
Suç ve Ceza,Prestuplenie i nakazanie (Преступление и наказание),Roman,Fyodor Mihayloviç Dostoyevski,Rus,?,Kitap Zamanı,,440,?,✔,,
Meyhane,L'Assommoir,Roman,Émile Zola,Fransız,?,Kitap Zamanı,,400,?,✔,,
İki Şehrin Hikayesi,A Tale of Two Cities,Roman,Charles Dickens,İngiliz,?,Kitap Zamanı,,540,?,✔,,
Sapiens,Sapiens: A Brief History of Humankind,İnceleme,Yuval Noah Harari,İsrail/Yahudi,Ertuğrul Genç,Kolektif,,411,4/1/2019,✔,Tayfun'dan satın alındı,
Aklından Bir Sayı Tut,Think of a Number,Roman,John Verdon,ABD,Cemile Özyakan,Koridor Yayıncılık,,475,Lise çağları,✔,,
Sınırlar,Boundaries,Psikoloji,"John Townsend, Henry Cloud",ABD,İpek İbik,Koridor Yayıncılık,,309,25.05.2016 / net,✔,,
Kürşad,,Tarih,Ahmet Haldun Terzioğlu,Türk,,Kripto Basım Yayın,,304,,✔,Saidin'di,
Muhayyelat,,Masal,Girit'li Ali Aziz Efendi,Türk,,Kum Saati Yayınları,,295,12.01.2014 / Kayseri,✔,,
İncil,,Din,,,,Kutsal Söz Yayınları,,527,5/28/2022,sonra,Santa Maria Draperis Kilisesi Hediyesi,
Aşk-ı Vatan,,Roman,Zafer Hanım,Türk,,Lacivert Yayıncılık,,109,7/19/2016,✔,,
Othello,Othello,Oyun,William Sheakespeare,İngiliz,Fatma Çolak,Lacivert Yayıncılık,,235,Ağu. 2012 / İstanbul,✔,,
Araba Sevdası,,Roman,Recaizade Mahmut Ekrem,Türk,,Lacivert Yayıncılık,,240,19.02.2013 / İstanbul,✔,,
Devlet,Politeia (Πολιτεία),Felsefe,Platon,Yunan,Neval Akbıyık,Lacivert Yayıncılık,,398,19.02.2013 / İstanbul,✔,,
Dorian Gray'in Protresi,The Picture of Dorian Gray,Roman,Oscar Wilde,İngiliz,Fatma Çolak,Lacivert Yayıncılık,,270,19.02.2013 / Adana,✔,Said'den,
İvan İlyiç'in Ölümü,Smert' Ivana Ilyicha (СмертЬ Ивана Ильича),Roman,Lev Nikolayeviç Tolstoy,Rus,Hamit Kaplan,Lacivert Yayıncılık,,111,19.02.2013 / Adana,✔,Said'den,
Hacı Murat,Khadji Murad (Хаджи Мурат),Tarihi Roman,Lev Nikolayeviç Tolstoy,Rus,Ayşe Yılmaz,Lacivert Yayıncılık,,160,19.02.2013 / İstanbul,✔,,
Yer Altından Notlar,Zapiski iz Podpolya (Запискм из Подполья),Roman,Fyodor Mihayloviç Dostoyevski,Rus,Leyla Şener,Lacivert Yayıncılık,,141,14.02.2013 / İstanbul,✔,,
Ölüler Evinden Anılar,Zapiski iz Mertvogo Doma (Записки из Мёртвого дома),Roman,Fyodor Mihayloviç Dostoyevski,Rus,Leyla Şener,Lacivert Yayıncılık,,320,19.02.2013 / Adana,✔,Said'den,
Milena'ya Mektuplar,Briefe an Milena,Mektup,Franz Kafka,Prag/ Almanca,Nuriye Gülmen,Lacivert Yayıncılık,,368,19.02.203 / Adana,✔,Said'den,
Azerbaycan Tarihi'ne Giriş,,Araştırma,Ali İpek,Türk,,Lalezar Kitabevi,,70,10/27/2017,✔,,
İfade Özgürlüğü ve Dini Hassasiyetler Charlie Hebdo ve H. Muhammed Karikatürleri,,İnceleme,Serdar Kaya,Türk,,Liber Plus Yayınları,,190,19.10.2021/net,,,
The Long Tunnel,,Öykü,John Minle,İngiliz,,Macmillan,,31,6/28/1905,✔✔,ingilizce,
Kan Gölü,Blood Stream,Roman,Tess Gerritsen,ABD,İlkin İnanç,Martı Yayıncılık,,362,Lise çağları,✔,,
Tek Başına,Alone,Roman,Lisa Gardner,ABD,İlkin İnanç,Martı Yayıncılık,,432,Lise çağları,✔,,
Sherlock Holmes Aklın Şüphesi Suçun Gerçeğidir,,Öykü,Arthur Ignatius Conan Doyle,İskoçya,Cumhur Mısırlıoğlu,Martı Yayıncılık,,352,,,Saidin'di,
Sherlock Holmes Gerçekler Kanıt İster,,Öykü,Arthur Ignatius Conan Doyle,İskoçya,Cumhur Mısırlıoğlu,Martı Yayıncılık,,355,,✔,Saidin'di,
Hiç Kimse Sıradan Değildir,I am the Messenger,Roman,Markus Zusak,Avustralya,Selim Yeniçeri,Martı Yayıncılık,,462,1/26/2021,✔,Tayfun,
Galatasaray ve Türk Fubolundan Geçen Bir Dev: Baba Gündüz,,Biyografi,Mehmet Emin Kunt,Türk,,Maviağaç Yayıncılık,,400,12.11.2011 / İstanbul,✔,,
Virata ya da Ölümsüz Bir Kardeşin Gözleri,,Uzun Öykü,Stefan Zweig,Avusturya,Derya Öztürk,Maviçatı Yayınları,,56,4/1/2019,✔,Tayfun'dan satın alındı,
Ömer'in Çocukluğu,,Otobiyografi,Muallim Naci,Türk,,Maviçatı Yayınları,,48,8/8/2016,✔,,
Sanşiro,,Roman,Natsume Sōseki,Japon,Alper Kaan Bilir,Maya Kitap,3. Baskı Aralık 2019,265,Ağustos 2022,,Emin'den,
Jameika'da Bir Fırtına ,A High Wind in Jamaica,Roman,Richard Hugheas,İngiliz,Emin Sınır,Merkez Kitaplar,,200,12.11.2011 / İstanbul,✔,,
"Sayı, Bilimin Dili","Number, The Language of Sience",Bilim,Tobias Dantzig,"Letonya, ABD",Barış Cezar,Metis Yayınları,,322,12.11.2011 / İstanbul,✔,,
Çador,,Roman,Murathan Mungan,Türk,,Metis Yayınları,,108,14.02.2013 / İstanbul,✔,,
Haset ve Şükran,Envy and Gratitude,Psikoloji,Melanie Klein,Avusturya,"Orhan Koçak, Yavuz Erten",Metis Yayınları,,86,10/27/2017,✔✔,,
Ekmek Arası,Ham on Rye,Otobiyografi,Charles Bukowski (Heinrich Karl Bukowski),ABD, Avi Pardo,Metis Yayınları,,223,Kayseri,✔,,
Tom Sawyer'ın Maceraları,The Adventures of Tom Sawyer,Roman,Mark Twain,ABD,Linda İnce,Metropol Yayınları,,301,15.07.2007 / Kefken,✔,,
Korku ve Titreme,Frygt og Bæven,Felsefe,Søren Kierkegaard,Danimarka,Ebru Çalışkan,Mitra Yayınları,,136,28.02.2015 / İstanbul,✔,,
Fırat 3,,Karikatür,Uğur Gürsoy,Türk,,Mürekkep Basın Yayın,,60,2012-2013,✔,Özlem ve Şenol'un Hediyesi,
İtalya,,Gezi,Tim Jepson,İngiliz,,National Geographic Traveler,,399,4/1/2019,✔,Tayfun'dan satın alındı,
Mutluluğun Kıyısında,,Öykü,Fyodor Mihayloviç Dostoyevski,Rus,Ersin Yıldırım,Neden? Yayıncılık,,197,1/13/2021,,,
Gözüne Gözlük  ,,Öykü,Aziz Nesin,Türk,,Nesin Yayınevi,,241,14.02.2013 / İstanbul,✔,,
Kürt Tarihi,,İnceleme,Ali Rıza Yurttaş,Kürt,,Nokta Kitap,,312,20.06.2018/İst,✔,,
Hansel ile Gretel'in Gerçek Öyküsü,The True Story of Hansel and Gretel a Novel of War and Survival,Roman,Louise Murphy,ABD,Merlin Özkan,Nokta Yayınları,,407,2004?,✔,,
Şifrelerin Matematiği: Kriptografi,,Bilim,"Canan Çimen, Sedat Akleylek, Ersan Akyıldız",Türk,,Odtü Yayıncılık,,131,,✔,,
İlahi Komedya,Divina Commedia,Şiir,Dante Alighieri,İtalya,Rekin Teksoy,Oğlak Yayıncılık,,943,4/17/2019,✔,yeşimde,
İnsanın Anlam Arayışı,Man's Search of Meaning,Psikoloji,Victor E. Frankl,Avusturya,Selçuk Budak,Okuyan Us Yayın,,166,7/19/2016,✔,,
Aşiyan'daki Kahin: Tevfik Fikret'in Melankolik Düyası,,Biyografi,Serol Teber,Türk,,Okuyan Us Yayın,,231,12.11.2014 / İstanbul,✔,,
"""Tutunamayanlar""ın Politik Psikolojisi",,İnceleme,Serol Teber,Türk,,Okuyan Us Yayın,,366,7/19/2016,✔,,
Bilimsel Bir Peri Masalı- Freud'un Aile ve Tarihsel Romanı,,Psikoloji,Serol Teber,Türk,,Okuyan Us Yayın,,332,7/19/2016,,,
Kafadanbacaklılar,,Mizah,Mehmet Ulusel,Türk,,Okuyan Us Yayın,,150,7/19/2016,,,
Üç Başlı Ejderha,,Novella,Leyla Erbil,Türk,,Okuyan Us Yayın,,110,28.02.2015 / İstanbul,✔,,
Varoluşçu Hümanistik Terapi,Existential -Humanistic Therapy,Psikoloji,Kirk J. Schneider/ Orah T. Krug,ABD,Gonca Akkaya,Okuyan Us Yayın,,256,7/19/2016,✔,,
Orson Welles,Orson Welles,Biyografi,André Bazin,Fransız,Senem Deniz,Okuyan Us Yayın,,222,28.02.2015 / İstanbul,✔,,
Sefiller,Les Misérables,Roman,Victor Hugo,Fransız,A'van-zade M. Süleyman,Ötüken Neşriyat,,1720,10/27/2017,✔,,
Beyaz Gemi,?,Roman,Cengiz Aytmatov,Kırgız,,Ötüken Neşriyat,,174,,✔,Said'indi,
"Kızıl Elma, Oğulla Buluşma, Beyaz Yağmur, Asker Çocuğu, Deve Gözü",?,Öykü,Cengiz Aytmatov,Kırgız,Refik Özdek,Ötüken Neşriyat,,125,31.12.2014 / İstanbul,✔,,
"Gulyabani, Gönül Ticareti, Melek Sanmıştım Şeytanı",,Öykü,Hüseyin Rahmi Gürpınar,Türk,,Özgür Yayınları,,361,2005-2006 eğitim dönemi,✔,,
Mai ve Siyah,,Roman,Halid Ziya Uşaklıgil,Türk,,Özgür Yayınları,,400,11.05.2015 / İstanbul,✔,,
Sofie'nin Dünyası,,Roman,Jostein Gaarder,Norveç,,Pan Yayıncılık,,591,,✔,BURHANDA,
Sofie'nin Dünyası,,Roman,Jostein Gaarder,Norveç,Sabir Yücesoy,Pan Yayıncılık,,591,4/1/2019,sonra,Tayfun'dan satın alındı,
Pis Moruğın Notları,Notes of a Dirty Old Man,Öykü,Charles Bukowski (Heinrich Karl Bukowski),ABD, Avi Pardo,Parantez Yayıncılık,,176,19.02.2013 / İstanbul,✔,,
Pis Moruğın Notları II,Notes of a Dirty Old Man,Öykü,Charles Bukowski (Heinrich Karl Bukowski),ABD, Avi Pardo,Parantez Yayıncılık,,213,19.02.2013 / İstanbul,✔,,
Yer Altından Notlar,Zapiski iz Podpolya (Запискм из Подполья),Roman,Fyodor Mihayloviç Dostoyevski,Rus,Haldun Karyol,Parodi,,141,4/1/2019,,Tayfun'dan satın alındı,
Espriler ve Bilinçdışı ile İlişki,Der Witz und seine Beziehung zum Unbewussten,Psikoloji,Sigmund Freud,Avusturya,Emre Kapkın,Payel Yayınevi,,297,30.06.2016 / net,,,
Limon Ağacı,The Lemon Tree,Yakın Tarih,Sandy Tolan,ABD,Özkan Özdem,Pegasus Yayınları,,400,7/3/1905,✔,,
Zar Adam,The Dice man,Roman,Luke Rhinehart,ABD,Enver Günsel,Pegasus Yayınları,,464,Lise çağları,✔,,
Psikopat,Psychopath,Roman,Keith Ablow,ABD,"Duygu Gündeş, Seval Birdal",Pegasus Yayınları,,384,Lise çağları,✔,,
Grinin Elli Tonu,Fifty Shades of Grey,Erotik Romans,E L James,İngiliz,Sevinç Seyla Tezcan,Pegasus Yayınları,,572,4/1/2019,sonra,Tayfun'dan satın alındı,
A'dan Z'ye Felsefe,A to Z of Philosophy,Felsefe,Alexander Moseley,İngiliz,Ali Süha,Pegasus Yayınları,,279,1/28/2021,,Tayfun,
Snowden Dosyası,The Snowden Files,Araştırma,Luke Harding,ABD,İrem Sağlamer,Pegasus Yayınları,,317,19.10.2021/net,,,
Zeytindağı,,Tarihi Roman,Falih Rıfkı Atay,Türk,,Pozitif Yayınevi,,174,4.10.2021/net,,,
Benden Sonra Tufan Olmasın,,Anı,Muhsin Ertuğrul,Türk,,Remzi Kitabevi,,669,18.06.2016 / net,✔,,
Onuncu Köy,,Roman,Fakir Baykurt,Türk,,Remzi Kitabevi,,362,?,✔,Ailemden,
İnsan ve Davranışı,,Psikoloji,Doğan Cüceloğlu,Türk,,Remzi Kitabevi,,591,8/8/2016,✔,,
Bütün Hikayeleri,,Öykü,Edgar Allan Poe,ABD,Öznur Özkaya,Ren Kitap,,880,5/22/2020,✔,Said'in Hediyesi,
Hz. Muhammed,,Biyografi,Seyda Muhammed Konyevi,Türk,,Reyhani Yayınları,,118,2015-2016,✔,,
Kur'an-ı Kerim Sırları,,İnceleme,Ömer Çelakıl,Türk,,Sabah Gazetesi eki,,212,_,✔,,
Kör Baykuş,Bûf-i Kûr,Roman,Sadık Hidayet,İran,Leyla Abbaszadeh Zorbay,Salt Okur,,80,6/28/2021,,Saidin hediyesi,
Satrancın Esasları,,Satranç,Jose Raul Capablanca,Küba,Deniz Seyhanoğlu,Satranç Yayınları,,158,3/6/2022,X,Tayfun'dan hediye,
Totem ve Tabu,Totem und Tabu,Psikoloji,Sigmund Freud,Avusturya,Kamuran Şipal,Say Yayınları,,229,19.08.2013 / İstanbul,✔,,
Rüyaların Yorumu,Die Traumdeutung,Psikoloji,Sigmund Freud,Avusturya,Dilman Muradoğlu,Say Yayınları,,648,30.06.2016 / net,✔,,
İzafiyet Teorisi,Relativity: The Special and General Theory,Bilim,Albert Einstein,Almanya/ABD,Gülen Aktaş,Say Yayınları,,142,_,✔,,
Buluşlarım,My Inventions,Otobiyografi,Nikola Tesla,Sırp,Sinem Bertling,Say Yayınları,,99,6/28/2021,,Saidin hediyesi,
Ve Hipopotamlar Tanklarında Haşlandılar,And The Hippos Were Boliled in Their Tanks,Roman,"Jack Keruac, William S. Burroughs",ABD,Dost Körpe,Sel Yayıncılık,,147,14.02.2013 / İstanbul,✔,,
Avrupa Karikatürlerinde II. Abdülhamid ve Osmanlı İmajı,,İnceleme,Necmettin Alkan,Türk,,Selis Kitaplar,,328,7/10/1905,✔,Erkan Abi'nin Hediyesi,
Don Hikayeleri,?,Öykü,Mihail Aleksandroviç Şolohov,Rus,Yasemin Akbaş,Sentez Neşriyat,,324,02.06.2005 / İstanbul,✔,7. sınıf Türkçe Hocam Nilüfer Avcı'nın Hediyesi,
Goriot Baba,Le Pere Goriot,Roman,Honore De Balzac,Fransız,?,Sentez Neşriyat,,306,02.06.2005 / İstanbul,✔,7. sınıf Türkçe Hocam Nilüfer Avcı'nın Hediyesi,
Kierkegaard Birey ve Varoluş Üzerine,,İnceleme,"Faruk Manav, Gökhan Gürdal",Türk,,Sentez Neşriyat,,149,4/1/2019,,Tayfun'dan satın alındı,
Kaptan Grant'ın Çocukları,,Çocuk,Jules Verne (Jules Gabriel Verne),Fransız,,Serhat Yayınları,,116,Mayıs1999,✔,Metin Ağabey'in hediyesi,
Gülliver'in Gezileri-1,,Çocuk,Jonathan Swift,İrlanda,,Serhat Yayınları,,80,Mayıs1999,✔,Metin Ağabey'in hediyesi,
Açıklamalı Kur'an-ı Kerim,,Din,Hasan Tahsin Feyizli,Türk,,Server İletişim,,680,2010-2011,✔,Zeynep Betül'ün Hediyesi,
Trainspotting,Trainspotting,Roman,Irvine Welsh,İskoçya,Avi Pardo,Siren Yayınları,,349,12.11.2014 / İstanbul,✔,,
Aforizmalar,,Aforizma,Franz Kafka,Prag/ Almanca,Emel Erdoğan,Sis Yayıncılık,,57,4/1/2019,,Tayfun'dan satın alındı,
Çocuk Kalbi,Cuore,Roman,Edmondo de Amicis,İtalyan,Serek Çelik,Sis Yayıncılık,,415,ilkolul,✔,,
Şeytani İntikam,,Gerilim Romanı,Thomas Perry,ABD,Selim Yeniçeri,Sonsuz Kitap,,405,,✔,Said'indi,
Hiçbirimiz Masum Değiliz,,Gerilim Romanı,Raul Montanari,İtalyan,Güliz Akyüz Yıldırım,Sonsuz Kitap,,320,,✔,Said'indi,
Budala,Idiot (Идиот),Roman,Fyodor Mihayloviç Dostoyevski,Rus,Erdener Tunalı,Sonsuz Kitap,,679,7/2/1905,✔,,
Delikanlı,Podrostok (Подросток),Roman,Fyodor Mihayloviç Dostoyevski,Rus,Erdener Tunalı,Sonsuz Kitap,,630,?,✔,Said'den Gasp,
Kodin,Codine,Roman,Panait Istrati,Romanya,Bertan Onaran,Sosyal Yayınlar,,160,02.06.2014/Diyarbakır,✔,,
"Martı, Vanya Dayı, Vişne Bahçesi, Üç Kızkardeş, Teklif, Jubile, Düğün",?,Oyun,Anton Pavloviç Çehov,Rus,"Behçet Necatigil, Hasan Ali Ediz, Gaffar Güney, D. Sorakın, Deniz Canefe, Sefer Aytekin",Sosyal Yayınlar,,450,16.07.2013 / İstanbul,✔,,
Sultan 2. Abdülhamit ve Dönemi,,Tarih,Coşkun Yılmaz,Türk,,Sultanbeyli Belediyesi,,483,2010-2014 arası bir zaman,✔,Babamın Hediyesi,
Zamanın Düzeni,L'ordine del tempo,Bilim,Carlo Rovelli,İtalya,Tolga Esmer,Tellekt,,164,6/28/2021,,Saidin hediyesi,
Kırmızı Kahverengi Defter,,Günce,Nilgün Marmara,Türk,,Telos (Said özel bastırdı),,119,25.10.2013 / Kayseri,✔✔,Said'in Hediyesi,
Eski Dünya Seyahatnamesi,,Tarih,İlber Ortaylı,Türk,,Timaş Yayınları,,286,16.05.2016 / İstanbul,✔,,
Büyük Umutlar,Great Expectations,Roman,Charles Dickens,İngiliz,Ayşe Esra İyidoğan,Timaş Yayınları,,528,3/13/2006,✔,,
Boşluk,,Roman,Ahmed Günbay Yıldız,Türk,,Timaş Yayınları,,301,?,✔,,
Dünya Nimeti,Markens Grøde,Roman,Knut Hamsun,Norveç,Behçet Necatigil,Timaş Yayınları,,430,12/29/2020,✔,,
The Copper Beeches,,Öykü,Arthur Ignatius Conan Doyle,İskoçya,,Tiydem Yayıncılık,,61,,✔,ingilizce,
A Scandal in Bohemia,,Öykü,Arthur Ignatius Conan Doyle,İskoçya,,Tiydem Yayıncılık,,68,,✔,ingilizce,
Yalancı Tanıklar Kahvesi,,Roman,Vedat Türkali,Türk,,Turkuvaz Kitap,,407,27.08.2013 / İstanbul,✔,,
Böyle Buyurdu Zerdüşt,Also sprach Zarathustra,Felsefe,Friedrich Wilhelm Nietzsche,Alman,,Tutku Yayınevi,,306,6/25/2016,,Saidin'di,
Felice'ye Mektuplar,,Mektup,Franz Kafka,Prag/ Almanca,Derya Öztürk,Tutku Yayınevi,,352,8/31/2016,✔,,
Orhon Yazıtları,,İnceleme,Talat Tekin,Türk,,Türk Dil Kurumu Yayınları,,116,28.02.2015 / İstanbul,✔,,
Peygamberler Tarihi,,Din,M. Asım Köksal,Türk,,Türkiye Diyanet Vakfı Yayınları,,700,1/11/2021,✔,,
Görünür Karanlık,Darkness Visible,Roman,William Golding,İngiliz,Can Moralı,Türkiye İş Bankası Kültür Yayınları,,332,4/1/2019,,Tayfun'dan satın alındı,
Bir İdam Mahkumunun Son Günü,Le Dernier Jour D'un Condamné,Uzun Öykü,Victor Hugo,Fransız,Volkan Yalçıntoklu,Türkiye İş Bankası Kültür Yayınları,,88,12/18/2019,✔,Said'in Hediyesi,
Üç Büyük Usta,"Drei Meister: Balzac, Dickens, Dostoyevski",Biyografi,Stefan Zweig,Avusturya,Nafer Ermiş,Türkiye İş Bankası Kültür Yayınları,,217,05.02.2013 / İstanbul,✔,,
Bilinmeyen Bir Kadının Mektubu ,Brief Einer Unbekannten,Uzun Öykü,Stefan Zweig,Avusturya,Ahmet Cemal,Türkiye İş Bankası Kültür Yayınları,,62,19.08.2013 / İstanbul,✔,,
"Kendi Hayatının Şiirini Yazanlar: Casanova, Stendhal, Tolstoy","Drei Dichter Ihres Lebens: Casanova Stendhal, Tolstoy",Biyografi,Stefan Zweig,Avusturya,Gülperi Sert,Türkiye İş Bankası Kültür Yayınları,,407,25.05.2016 / net,✔,,
Satranç,Schachnovelle,Uzun Öykü,Stefan Zweig,Avusturya,Ahmet Cemal,Türkiye İş Bankası Kültür Yayınları,,83,4/1/2019,,Tayfun'dan satın alındı,
Bir Çöküşün Öyküsü,Geschichte Eines Untergangs,Uzun Öykü,Stefan Zweig,Avusturya,Regaip Minareci,Türkiye İş Bankası Kültür Yayınları,,48,4/1/2019,✔,Tayfun'dan satın alındı,
Olağanüstü Bir Gece,Phantastische Nacht,Uzun Öykü,Stefan Zweig,Avusturya,İlknur İgan,Türkiye İş Bankası Kültür Yayınları,,69,4/1/2019,✔,Tayfun'dan satın alındı,
Olağanüstü Bir Gece,Phantastische Nacht,Uzun Öykü,Stefan Zweig,Avusturya,İlknur İgan,Türkiye İş Bankası Kültür Yayınları,,69,12/18/2019,,,
Selahattin Hilav ve Paris Mektupları,,Mektup,Sema Rifat,Türk,,Türkiye İş Bankası Kültür Yayınları,,206,25.05.2016 / net,,,
Kumpanya,,Öykü,Sait Faik Abasıyanık,Türk,,Türkiye İş Bankası Kültür Yayınları,,139,16.05.2016 / İstanbul,,,
Mavi ve Kara,,Deneme,Sabahattin Eyüboğlu,Türk,,Türkiye İş Bankası Kültür Yayınları,,253,25.05.2016 / net,✔,,
Sancı… Sancı…,,Roman,Necati Tosuner,Türk,,Türkiye İş Bankası Kültür Yayınları,,300,25.05.2016 / net,✔,,
Kalan,,Roman,Leyla Erbil,Türk,,Türkiye İş Bankası Kültür Yayınları,,239,16.05.2016 / İstanbul,✔,,
Genç Werther'in Acıları,Die Leiden des Jungen Werther,Kurgu Günce,Johann Wolfgang von Goethe,Alman,Mahmure Kahraman,Türkiye İş Bankası Kültür Yayınları,,126,15.06.2013 / Kayseri,✔,,
Oblomov,Обломов,Roman,İvan Aleksandroviç Gonçarov,Rus,"Sabahattin Eyüboğlu, Erol Güney",Türkiye İş Bankası Kültür Yayınları,,622,Ocak2020/net,sonra,Said'in Hediyesi,
Ermiş,The Prophet,Deneme,Halil Cibran,"Lübnan, ABD",Ayşe Berktay,Türkiye İş Bankası Kültür Yayınları,,54,02.06.2016 / İstanbul,✔,,
Tolstoy mu Dostoyevski mi,Tolstoy or Dostoevsky,Eleştiri,George Steiner,İngiliz,Sevda Çalışkan,Türkiye İş Bankası Kültür Yayınları,,368,7/19/2016,✔,,
Karamazov Kardeşler,Bratya Karamazovy (Братья Карамазовы),Roman,Fyodor Mihayloviç Dostoyevski,Rus,Nihal Yalaza Taluy,Türkiye İş Bankası Kültür Yayınları,,1025,8/26/2015,sonra,Said'den Gasp,
"Ecce Homo, Kişi Nasıl Kendisi Olur","Ecce Homo, Wie Man Wird, Was Man Ist",Felsefe,Friedrich Wilhelm Nietzsche,Alman,Can Alkor,Türkiye İş Bankası Kültür Yayınları,,120,15.06.2013 / Kayseri,✔,,
Otomotik Portakal,A Clockwork Orange,Roman,Anthony Burgess,İngiliz,Dost Körpe,Türkiye İş Bankası Kültür Yayınları,,168,2012-2014?,✔,,
Mozart ve Deyyuslar,Mozart & The Wolf Gang,Roman,Anthony Burgess,İngiliz,Aslı Biçen,Türkiye İş Bankası Kültür Yayınları,,176,16.05.2016 / İstanbul,,,
"Bütün Öyküler, Bütün Romanlar",?,Nesir,Aleksandr Puşkin,Rus,Ataol Behramoğlu,Türkiye İş Bankası Kültür Yayınları,,548,7/5/1905,✔,,
Rubailer,,Rubai,Ömer Hayyam,İran,Sabahattin Eyüboğlu,Türkiye İş Bankası Kültür Yayınları,,202,1/19/2021,,Tayfun,
İvan İlyiç'in Ölümü,Smert' Ivana Ilyicha (СмертЬ Ивана Ильича),Roman,Lev Nikolayeviç Tolstoy,Rus,Mazlum Beyhan,Türkiye İş Bankası Kültür Yayınları,,95,1/26/2021,,Tayfun,
Doksan Beş Tez,XCV Theses,Din,Martin Luter,Almanya,C. Cengiz Çevik,Türkiye İş Bankası Kültür Yayınları,,44,1/26/2021,,Tayfun,
Kendileriyle Savaşanlar,Der Kampf Mit Dem Deamon Hölderlin-Kleist-Nietzsche,Biyografi,Stefan Zweig,Avusturya,Nafer Ermiş,Türkiye İş Bankası Kültür Yayınları,,357,6/28/2021,,Saidin hediyesi,
Hakka Sığındık,,Roman,Hüseyin Rahmi Gürpınar,Türk,,Türkiye İş Bankası Kültür Yayınları,,127,19.10.2021/net,,,
Şölen - Dostluk,Symposion - Lysis,Felsefe,Platon,Yunan,Sebahattin Eyüboğlu - Azra Erhat,Türkiye İş Bankası Kültür Yayınları,,107,4/28/2022,,Tayfun'dan hediye,
Bâbil Hemeroloji Serisi -Uğurlu ve Uğursuz Günler Takvimi-,,,Anonim,Babil-Sümer,"Selim F. Adalı, Ali T. Görgü",Türkiye İş Bankası Kültür Yayınları,,389,4/28/2022,✔,Tayfun'dan hediye,
Satranç Kuralları ve Yorumları,,Satranç,F.I.D.E.,,Mübin Boysan,Türkiye Satranç Federasyonu,,47,3/6/2022,X,Tayfun'dan hediye,
Mahallem İstanbul,,Anı,Adnan Özyalçıner,Türk,,Tüyap,,218,Kasım 2019/İst,,Tayfun'un Hediyesi,
İzlanda Balıkçısı,Pêcheur d'Islande ,Roman,Pierre Loti,Fransız,Semih Tiryakioğlu,Varlık Yayınları,,207,08.11.2015 / İstanbul,✔,,
Yakıcı Sır,,Öykü,Stefan Zweig,Avusturya,İbrahim Halil Sarı,Venedik Yayınları,,108,6/20/2018,✔,,
Nutuk,,Söylev,Mustafa Kemal Atatürk,Türk,,Venedik Yayınları,,810,28.11.2017/İst,✔,,
Tanrı'ya Karşı Söylev ,Discours contre Dieu,Felsefe,Marquis de Sade,Fransız,Işık Ergüden,Versus Kitap,,154,12.11.2014 / İstanbul,✔,,
İncil,The Bible A Biography,Din,Karen Armstrong,İngiliz,Ilgın Yıldız,Versus Kitap,,263,4/1/2019,sonra,Tayfun'dan satın alındı,
Gençlerle Başbaşa,,Kişisel Gelişim,Ali Fuad Başgil,Türk,,Yağmur Yayınları,,134,2005-2007 arası bir zaman,✔,Bağcılar Belediyesi Yaz Kampı Hediyesi,
Gençlerle Başbaşa,,Kişisel Gelişim,Ali Fuad Başgil,Türk,,Yağmur Yayınları,,80,26.12.2017 /Samsun,,Samsun Çarşamba Devlet Hastanesi Hediyesi,
Steve Jobs,Icon: Steve Jobs,Biyografi,"Jeffrey S. Young, William L. Simon",ABD,Selim Yeniçeri,Yakamoz Kitap,,391,30.09.2011 / İstanbul,✔,,
Bozkır Çiçekleri,,Roman,Selçuk Baran,Türk,,Yapı Kredi Yayınları,,210,25.05.2016 / net,✔,,
Bir Takım İnsanlar,Medar-ı Maişet Motoru,Roman,Sait Faik Abasıyanık,Türk,,Yapı Kredi Yayınları,,142,30.05.2013 / Kayseri,✔,,
Mahalle Kahvesi,,Öykü,Sait Faik Abasıyanık,Türk,,Yapı Kredi Yayınları,,104,13.09.2012 / İstanbul,✔,,
Karganı Bağışla,,Mektup,Sait Faik Abasıyanık,Türk,,Yapı Kredi Yayınları,,240,30.05.2013 / Kayseri,✔,,
Kamyon (Seçme Öyküler),,Öykü,Sabahattin Ali,Türk,,Yapı Kredi Yayınları,,129,28.04.2013 / Kayseri,✔,,
İçimizdeki Şeytan,,Roman,Sabahattin Ali,Türk,,Yapı Kredi Yayınları,,254,28.04.2013 / Kayseri,✔,,
Kürk Mantolu Madonna,,Roman,Sabahattin Ali,Türk,,Yapı Kredi Yayınları,,160,?,✔,,
Değirmen,,Öykü,Sabahattin Ali,Türk,,Yapı Kredi Yayınları,,137,4/1/2019,,Tayfun'dan satın alındı,
Sırça Köşk,,Öykü,Sabahattin Ali,Türk,,Yapı Kredi Yayınları,,141,4/1/2019,✔,Tayfun'dan satın alındı,
Kürk Mantolu Madonna,,Roman,Sabahattin Ali,Türk,,Yapı Kredi Yayınları,,160,4/1/2019,✔,Tayfun'dan satın alındı,
"İmbikten Çekilmiş Adam, Arif Dino",,Biyografi,Rasih Nuri İleri,Türk,,Yapı Kredi Yayınları,,182,30.06.2016 / net,,,
Camus Başkaldıran İnsan,,Biyografi,Pierre-Louis Rey,Fransa /Cezayir,,Yapı Kredi Yayınları,,127,Ocak2020/net,✔,Said'in Hediyesi,
Beni Bu Güzel Havalar Mahvetti - Kendi Sesinden Şiirler,,Şiir,Orhan Veli,Türk,,Yapı Kredi Yayınları,,79,22.06.2012 / İstanbul,✔,Göksel Abi'nin Hediyesi,
Yalnız Seni Arıyorum,,Mektup,Orhan Veli,Türk,,Yapı Kredi Yayınları,,165,02.06.2016 / İstanbul,,,
Masumiyet Müzesi,,Roman,Orhan Pamuk,Türk,,Yapı Kredi Yayınları,,506,24.08.2018 /Çukurcuma,✔,,
Bütün Şiirleri,,Şiir,Nazım Hikmet,Türk,,Yapı Kredi Yayınları,,2094,22.06.2012 / İstanbul,✔,Göksel Abi'nin Hediyesi,
Bir Dinozorun Anıları,,Anı,Mîna Urgan,Türk,,Yapı Kredi Yayınları,,353,8/31/2016,,,
Bir Dinozorun Gezileri,,Anı,Mîna Urgan,Türk,,Yapı Kredi Yayınları,,280,8/31/2016,,,
Bu Bir Pipo Değildir,Cest Nes't Pas Une Pipe,Felsefe,Michel Foucault,Fransız,Selahaddin Hilav,Yapı Kredi Yayınları,,59,25.05.2016 / net,,,
Mavi Saçlı Kız,,Günce,Burçak Çerezcioğlu,Türk,,Yapı Kredi Yayınları,,283,6/27/1905,✔✔,,
Bir Yazarın Günlüğü,Dnevnik Pisatelya (Дневник писателя),Dergi Yazıları,Fyodor Mihayloviç Dostoyevski,Rus,Kayahan Yükseler,Yapı Kredi Yayınları,,1210,1/11/2021,sonra,,
Dede Korkut,,Destan,Adnan Binyazar,Türk,,Yapı Kredi Yayınları,,302,4.10.2021/net,,,
Büyük İnsanlık - Kendi Sesinden Şiirler,,Şiir,Nazım Hikmet,Türk,,Yapı Kredi Yayınları - Türkiye İş Bankası Kültür Yayınları,,99,22.06.2012 / İstanbul,✔,Göksel Abi'nin Hediyesi,
Zebur ve Tevrat,,Din,Taşkın Köksal,,,Yason Yayıncılık,,161+125,4/1/2019,✔,Tayfun'dan satın alındı,
Simyacının Sırrı,Secret of The Alchemist,Roman,John Ward,?,Selim Yeniçeri,Yedinci Kapı Yayınları,,288,2004?,✔,,
İncil,,Din,,,,Yeni Yaşam Yayınları,,465,26.02.2022/Santa Maria Daperis Roma Katolik Kilisesi,sonra,,
"İsrail: Tedhiş, İstilâ ve Harp Kaynağı",,Tarih,Ömer Rıza Doğrul,Türk,,Yeni Zamanlar Yayınları,,127,10/27/2017,,,
İlk Çağ Yunan Felsefesi,,Felsefe,Karl Vorlander,Alman,Mehmet İzzet,Yeni Zamanlar Yayınları,,160,10/27/2017,,,
Pedagoji Üzerine,,Psikoloji,Imanuel Kant,Alman,M. Rahmi,Yeni Zamanlar Yayınları,,88,10/27/2017,,,
Türk ve Arap,,İnceleme,Çerkeşşeyhizâde Halil Hâlid,Osmanlı,,Yeni Zamanlar Yayınları,,176,10/27/2017,,,
Filozofik Sistemler,,Felsefe,Andre Cresson,Fransız,Dr. S. Becerano,Yeni Zamanlar Yayınları,,272,10/27/2017,,,
Çocuklar için Şiirler,,Çocuk,,Türk,,Yenibinyıl Gazetesinin hediyesi,,240,,✔,,
"Zen Budizm
D.T. Suzuki'den Seçme Yazılar",,Felsefe,İlhan Güngören,Türk,,Yol Yayıncılık,1. Baskı Ocak 2021 ,136,Ağustos 2022,,Emin'den,
Salka Valka,Salka Valka,Roman,Halldór Laxness,İzlanda,Mehtap Gün Ayral,Yordam Edebiyat,3. Basım Mayıs 2021,400,10/4/2022,,Said'in Hediyesi,
БАТАЛЬЙОН НЕОБМУНДИРОВАНИХ,,,ДМИТРО МІЩЕНКО,Ukrayna,,,,78,Eylül2019/Kiev,X,Kiev 2. dünya Savaşı Müzesi'nden hatıra,
5° Convegno Faunisti Veneti,,Bilimsel,"Mauro Bon, Lucio Bonato, Francesco Scarton",İtalyan,,,,364,Temmuz2018/Venedik,X,Museo di Storia Naturale di Venezia'dan hatıra,
Cobain Unseen,,Biyografi,Charles R. Cross,ABD,,,,159,10/24/2009,sonra,ingilizce Göksel Abi'den Hediye,
Teori ve Politika,,Siyasi,Burak Obruk,Türk,,,,176,4/1/2019,,Tayfun'dan satın alındı,
Larousse,,Ansiklopedi-24 cilt,,,,,,12784,1990lar,X,Milliyet gazetesi armağanı ,
Bolletino del Museo di Storia Naturale di Venezia 62.2011,,Bilimsel,,İtalyan,,,,251,Temmuz2018/Venedik,X,Museo di Storia Naturale di Venezia'dan hatıra,
Bolletino del Museo di Storia Naturale di Venezia 63.2012,,Bilimsel,,İtalyan,,,,183,Temmuz2018/Venedik,X,Museo di Storia Naturale di Venezia'dan hatıra,
Репуьликанско Първесво,,Satranç,,Rusça?,,,,24,3/6/2022,X,Tayfun'dan hediye,